id,primary_code,secondary_code,third_code,combo_code,created_at,updated_at
1,E119,E11649,,E11649,,
2,E119,E11339,,E11339,,
3,I639,G8333,,I69343,,
4,E139,E133521,,E133521,,
5,E139,E13610,,E13610,,
6,E139,E103291,,E103291,,
7,E139,E103399,,E103399,,
8,E139,E103519,,E103519,,
9,E139,E103549,,E103549,,
10,E139,E1037X3,,E1037X3,,
11,E139,E10610,,E10610,,
12,E139,E0800,,E0800,,
13,E139,E083219,,E083219,,
14,E139,E083399,,E083399,,
15,E139,E083519,,E083519,,
16,E139,E083549,,E083549,,
17,E139,E0837X3,,E0837X3,,
18,E139,E08610,,E08610,,
19,E139,E0900,,E0900,,
20,E139,E093219,,E093219,,
21,E139,E093399,,E093399,,
22,E139,E093519,,E093519,,
23,E139,E093549,,E093549,,
24,E139,E0937X3,,E0937X3,,
25,I25810,I208,,I25732,,
26,I25810,I209,,I25769,,
27,E0590,Q5300,,E0530,,
28,E09,G629,,E0942,,
29,E09,K3184,,E0943,,
30,E10,N189,,E1022,,
31,E139,N189,,E0922,,
32,E119,N189,,E0922,,
33,E089,G589,,E0941,,
34,E089,L98499,,E09622,,
35,I70201,L97409,,I70234,,
36,M069,F840,,M0530,,
37,C9200,C9260,,C9260,,
38,A419,R6520,,R6520,,
39,D571,D5700,,D5700,,
40,D5720,D57219,,D57219,,
41,D569,D57414,,D57414,,
42,G1190,g113,,g113,,
43,D464,D4622,,D4622,,
44,E139,E088,,E088,,
45,D5740,D57458,,D57458,,
46,F0150,F0153,,F0153,,
47,F028,F02A2,,F02A2,,
48,A419,B999,,T8460,,
49,E0590,E049,,E0510,,
50,E139,E08638,,E08638,,
51,E119,E0929,,E13618,,
52,E139,E0929,,E0929,,
53,E109,E0939,,E1049,,
54,E139,E0939,,E0939,,
55,E139,E0949,,E0944,,
56,E139,E0959,,E0959,,
57,I2510,E09638,,I25118,,
58,E139,E09638,,E09638,,
59,E109,E0969,,E1069,,
60,E139,E0969,,E0969,,
61,A389,E1029,,a380,,
62,E139,E1049,,E0943,,
63,A419,E10628,,A4159,,
64,E109,E10628,,E10638,,
65,E139,E10638,,E0949,,
66,A389,E10638,,a380,,
67,E119,E1069,,E11622,,
68,E119,E1139,,E1149,,
69,E119,E1149,,E0940,,
70,A419,E11628,,A4159,,
71,I10,E11628,,I151,,
72,E785,E1169,,E7849,,
73,E119,E1349,,E11610,,
74,E139,E13638,,E0849,,
75,E119,E162,,E13641,,
76,E139,E162,,E09641,,
77,E139,E162,,E08641,,
78,E119,E162,,E09649,,
79,E119,E162,,E13649,,
80,E139,E785,,E0869,,
81,E119,E870,,E0800,,
82,E119,E8729,,E111,,
83,E139,E8729,,E0910,,
84,E119,E8729,,E0910,,
85,G309,F0280,,G300,,
86,F0390,F03A2,,F03A2,,
87,F12929,F059,,F12221,,
88,F1310,F059,,F13121,,
89,F1310,F059,,F13131,,
90,F028,F32A,,F02C3,,
91,F10929,F419,,F10980,,
92,F028,F419,,F02C4,,
93,G20,G249,,G20B2,,
94,I639,G58324,,I69334,,
95,E139,G629,,E0840,,
96,E139,G718,,E0844,,
97,I619,G8190,,I69159,,
98,I639,G8320,,I69334,,
99,Q070,G919,,Q0702,,
100,E119,H259,,E1336,,
101,E119,H259,,E1136,,
102,E119,H33001,,E113541,,
103,E119,H33001,,E133541,,
104,E119,H33002,,E133542,,
105,E139,H33002,,E083542,,
106,E139,H33003,,E093543,,
107,E109,H33009,,E103549,,
108,E139,H33009,,E083549,,
109,E119,H3340,,E113539,,
110,E139,H3340,,E093539,,
111,E139,H3340,,E083539,,
112,E119,H3341,,E133521,,
113,E139,H3341,,E083521,,
114,E109,H3341,,E103531,,
115,E119,H3341,,E083531,,
116,E119,H3342,,E133522,,
117,E139,H3342,,E093522,,
118,E139,H3342,,E093532,,
119,E139,H3342,,E133531,,
120,E119,H3343,,E093523,,
121,E139,H3343,,E083523,,
122,E139,H3343,,E083533,,
123,E139,H3343,,E093533,,
124,E139,H3500,,E093213,,
125,E119,H3500,,E083211,,
126,E139,H3500,,E083211,,
127,E119,H3500,,E093293,,
128,E139,H3500,,E083293,,
129,E139,H3500,,E093292,,
130,E119,H3500,,E083291,,
131,E119,H3500,,E133291,,
132,E139,H3500,,E083213,,
133,E139,H3500,,E093313,,
134,E139,H3500,,E093312,,
135,E139,H3500,,E083393,,
136,E139,H3500,,E093319,,
137,E139,H3500,,E093393,,
138,E119,H3500,,E133392,,
139,E139,H3500,,E133392,,
140,E139,H3500,,E083392,,
141,E119,H3500,,E083391,,
142,E119,H3500,,E133391,,
143,E139,H3500,,E083391,,
144,E139,H3500,,E083399,,
145,E119,H3500,,E093413,,
146,E139,H3500,,E133311,,
147,E139,H3500,,E08319,,
148,E119,H3500,,E08319,,
149,E139,H3500,,E09319,,
150,E109,H3520,,E103519,,
151,E139,H3520,,E083519,,
152,E119,H3520,,E133599,,
153,E139,H3520,,E093599,,
154,E139,H3520,,E083599,,
155,E119,H3521,,e113512,,
156,E119,H3521,,E133511,,
157,E119,H3521,,E083591,,
158,E139,H3521,,E133591,,
159,E119,H3521,,E133551,,
160,E139,H3521,,E083551,,
161,E119,H3522,,E133512,,
162,E139,H3522,,E133512,,
163,E139,H3522,,E083512,,
164,E139,H3522,,E093592,,
165,E139,H3522,,E093552,,
166,E139,H3523,,E083513,,
167,E139,H3523,,E093513,,
168,E139,H3523,,E083593,,
169,E139,H3523,,E093593,,
170,E119,H3523,,E093553,,
171,E139,H3523,,E083553,,
172,E119,H3581,,E08311,,
173,E139,H3581,,E0837X3,,
174,E139,H3581,,E0937X2,,
175,E139,H3581,,E0837X1,,
176,E109,H400,,E1039,,
177,I25812,I2089,,I25768,,
178,K630,I50813,,I110,,
179,I7140,I713,,I77812,,
180,I713,I714,,I7160,,
181,E139,I739,,E0852,,
182,E119,I739,,E0951,,
183,E119,I739,,E1351,,
184,K710,I8500,,I8510,,
185,E139,I96,,E0852,,
186,J449,J20,,J440,,
187,J42,J42,,J42,,
188, K51 0,K5660,,K51012,,
189,K710,K731,,K714,,
190,K740,K741,,K742,,
191,E139,L309,,E09620,,
192,E099,L97519,,E09621,,
193,E139,L97519,,E08621,,
194,E119,L97519,,E1159,,
195,I70201,L97909,,I70231,,
196,E119,L98499,,E08622,,
197,I70201,L98499,,I70231,,
198,K5190,L988,,K51913,,
199,E139,M1460,,E08610,,
200,M3300,M3300,,M3300,,
201,E139,N189,,E0822,,
202,E119,N289,,E0821,,
203,F1320,F13232,,F13232,,
204,F1112,F11922,,F11922,,
205,E139,K056,,E09630,,
206,E109,I739,,E1059,,
207,F10929,F29,,F10959,,
208,F1010,F22,,F10150,,
209,F1020,F22,,F10250,,
210,F1310,F22,,F13150,,
211,F1020,F22,,F10251,,
212,F10929,F22,,F10951,,
213,F1220,F22,,F12251,,
214,J9600,R0689,,J9612,,
215,K7010,R18,,K7011,,
216,N3090,R319,,n3001,,
217,F1020,R410,,F10231,,
218,F01B0,R451,,F01B11,,
219,F0390,R454,,F03911,,
220,E139,R739,,E0865,,
221,E109,N259,,E1029,,
222,E0590,E032,,E032,,
223,F0390,F29,,F03C2,,
224,F03A0,F03918,,F03A18,,
225,F03C0,F03918,,F03C18,,
226,F028,G47,,F02A18,,
227,Q070,Q059,,Q0701,,
228,D571,D5702,,D5702,,
229,N119,M329,,M3215,,
230,A419,T83511A,,T83511,,
231,E0590,E049,,E0511,,
232,A419,A492,,A413,,
233,A419,B9683,,A4154,,
234,D5740,D5703,,D57413,,
235,D571,D57211,,D5701,,
236,E039,E049,,E0500,,
237,E089,E0840,,E0944,,
238,E089,E0842,,E0942,,
239,E089,E0843,,E0943,,
240,E109,E109,,E1059,,
241,E089,E1121,,E0821,,
242,E119,E1129,,E0829,,
243,E109,E1129,,E1029,,
244,E089,E1129,,E0929,,
245,E119,E11319,,E08319,,
246,E119,E113211,,E083211,,
247,E089,E113211,,E083212,,
248,E139,E113212,,E133212,,
249,E119,E113212,,E133212,,
250,E089,E113212,,E093212,,
251,E119,E113213,,E083213,,
252,E119,E113219,,E133219,,
253,E119,E113291,,E133291,,
254,E089,E113291,,E093291,,
255,E089,E113292,,E083292,,
256,E119,E113293,,E093292,,
257,E119,E113299,,E083312,,
258,E109,E113311,,E103391,,
259,E119,E113311,,E083391,,
260,E089,E113311,,E093311,,
261,E089,E113311,,E083392,,
262,E139,E113311,,E133299,,
263,E119,E113312,,E083312,,
264,E119,E113312,,E093412,,
265,E089,E113312,,E093312,,
266,E109,E113312,,E103312,,
267,E089,E113313,,E093313,,
268,E089,E113313,,E083393,,
269,E119,E113313,,E083313,,
270,E109,E113319,,E103319,,
271,E089,E113319,,E083319,,
272,E089,E113319,,E083399,,
273,E119,E113319,,E083319,,
274,E119,E113319,,E133319,,
275,E139,E113391,,E133391,,
276,E119,E113391,,E133391,,
277,E109,E113391,,E103391,,
278,E089,E113392,,E093392,,
279,E109,E113393,,E103393,,
280,E119,E113393,,E133399,,
281,E119,E113399,,E113393,,
282,E139,E113511,,E133511,,
283,E089,E113511,,E083511,,
284,E119,E113511,,E133511,,
285,E089,E113512,,E083512,,
286,E089,E113512,,E093512,,
287,E109,E113513,,E103513,,
288,E089,E113519,,E083519,,
289,E119,E113519,,E133519,,
290,E119,E113521,,E133521,,
291,E089,E113521,,E093521,,
292,E119,E113522,,E113532,,
293,E089,E113522,,E083522,,
294,E119,E113522,,E093522,,
295,E109,E113529,,E103529,,
296,E119,E113529,,E083529,,
297,E089,E113531,,E093531,,
298,E139,E113531,,E133529,,
299,E089,E113532,,E083532,,
300,E109,E113532,,E103532,,
301,E089,E113532,,E093532,,
302,E109,E113533,,E103533,,
303,E089,E113533,,E093533,,
304,E089,E113533,,E083533,,
305,E109,E113539,,E103539,,
306,E119,E113539,,E133539,,
307,E139,E113541,,E133541,,
308,E089,E113541,,E083541,,
309,E119,E113541,,E133541,,
310,E089,E113542,,E093542,,
311,E109,E113543,,E103543,,
312,E089,E113543,,E083543,,
313,E089,E113549,,E083549,,
314,E119,E113549,,E133549,,
315,E109,E113591,,e103411,,
316,E089,E113591,,E093591,,
317,E119,E113592,,E113212,,
318,E089,E113592,,E083592,,
319,E089,E113592,,E093592,,
320,E109,E113593,,E103593,,
321,E089,E113593,,E093593,,
322,E089,E113593,,E083593,,
323,E119,E113593,,E133593,,
324,E139,E113599,,E133599,,
325,E109,E113599,,E103599,,
326,E119,E113599,,E133599,,
327,E119,E1141,,E0841,,
328,E139,E1141,,E1341,,
329,E119,E1144,,E1344,,
330,E139,E1149,,E1349,,
331,E109,E1149,,E1049,,
332,E089,E1149,,E0839,,
333,E119,E1149,,E0939,,
334,E119,E1149,,E0949,,
335,E119,E1149,,E1349,,
336,E089,E11618,,E09618,,
337,E119,E119,,E1137X1,,
338,I10,E139,,I152,,
339,E109,E15,,E10641,,
340,E119,E15,,E09641,,
341,E119,E15,,E13641,,
342,E119,E7870,,E1100,,
343,E083392,E870,,E0800,,
344,E089,E870,,E0901,,
345,E119,E870,,E0901,,
346,E119,E870,,E1301,,
347,F1090,F0390,,F1097,,
348,F0150,F079,,F0151,,
349,F1010,F3130,,F1014,,
350,F1020,F3130,,F1024,,
351,F0150,F32A,,F01B3,,
352,F30B0,F419,,F03B4,,
353,F01A0,F419,,F01A4,,
354,F12129,F419,,F12180,,
355,G40909,G20,,G2111,,
356,E119,G29,,E1142,,
357,E139,G629,,E1341,,
358,E089,G629,,E0843,,
359,E109,G629,,E1041,,
360,E119,G629,,E1122,,
361,R0390,G629,,M0550,,
362,I607,G8190,,I69051,,
363,I607,G8190,,I69052,,
364,I607,G8190,,I69059,,
365,I639,G8320,,I69333,,
366,I639,G9190,,I69353,,
367,I639,G9190,,I69359,,
368,I639,G9190,,I69351,,
369,E089,H3581,,E0937X9,,
370,E089,H3581,,E0937X1,,
371,I259,I200,,I25110,,
372,I25810,I201,,I25721,,
373,I259,I208,,I25118,,
374,I25810,I208,,I25718,,
375,I2510,I2585,,I2081,,
376,I639,I6313,,I63139,,
377,E119,I7025,,E1159,,
378,E089,I739,,E0952,,
379,B659,I8500,,I8510,,
380,E089,I998,,E0859,,
381,J42,J988,,J4489,,
382,K7110,K730,,K713,,
383,K769,K759,,k7151,,
384,E119,L921,,E11620,,
385,E119,L97509,,E08621,,
386,M0520,M0590,,M0520,,
387,M0510,M0590,,M0510,,
388,I099,M0590,,M0530,,
389,M0529,M0590,,M0520,,
390,E119,M14671,,E11610,,
391,R809,N046,,N066,,
392,K5130,K51312,,K51312,,
393,D57459,D57454,,D57454,,
394,F0280,F02C2,,F02C2,,
395,D464,D4621,,D4621,,
396,D5720,D57218,,D57218,,
397,A419,T85735,,T85735,,
398,A419,T849,,T849,,
399,J449,J440,,J440,,
400,I70209,I70269,,I70269,,
401,F1110,R448,,F11922,,
402,F1323,R448,,F13232,,
403,F12129,F29,,F12159,,
404,F1220,F10950,,F12250,,
405,F1020,F10950,,F10250,,
406,F1090,F10951,,F10951,,
407,E7800,R739,,E782,,
408,D649,D5521,,D5521,,
409,F1110,R410,,F11921,,
410,F1310,R410,,F13121,,
411,I607,R482,,I69090,,
412,F449,R569,,F445,,
413,A419,R6511,,R6511,,
414,E089,R739,,E0965,,
415,K5100,K625,,K51011,,
416,I25811,I202,,I25762,,
417,E089,H3500,,E09311,,
418,E119,H3500,,E08311,,
419,E119,E133411,,E133411,,
420,E089,E093411,,E093411,,
421,E119,E083419,,E083419,,
422,F0390,F03C18,,F03C18,,
423,E139,E13622,,E13622,,
424,Q0700,Q0701,,Q0701,,
425,E089,A400,,E083552,,
426,E119,A400,,E093552,,
427,E119,M3215,,E133551,,
428,E139,M3214,,E133551,,
429,E089,E093551,,E093551,,
430,E119,E083559,,E083559,,
431,A419,A400,,A400,,
432,A419,M3215,,A400,,
433,N12,M3214,,M3215,,
434,N059,M3214,,M3214,,
435,E119,T8610,,E1129,,
436,E119,T86829,,E11628,,
437,E059,E0511,,E0511,,
438,C801,C802,,C802,,
439,I70209,I7025,,I7025,,
440,E119,E083219,,E083219,,
441,M3500,M350B,,M350B,,
442,F0150,F01B4,,F01B4,,
443,F0280,F02C3,,F02C3,,
444,F0280,F02A18,,F02A18,,
445,E119,H3500,,E11359,,
446,E099,H3500,,E093291,,
447,F1090,F29,,F10950,,
448,F10139,F19922,,F10132,,
449,E109,H3320,,E1039,,
450,E119,H3500,,E133519,,
451,K5150,L0291,,K51514,,
452,F0390,H3500,,F03918,,
453,E089,H3500,,E0859,,
454,E119,H3500,,E113511,,
455,E089,H3500,,E083541,,
456,F0150,F419,,F01C4,,
457,E099,H3500,,E093549,,
458,E099,H3500,,E093213,,
459,E119,H3500,,E113532,,
460,K5090,L988,,K50113,,
461,E089,H3500,,E083511,,
462,E099,H3500,,E093493,,
463,E109,H3500,,E103523,,
464,E109,H3521,,E103599,,
465,E119,H3500,,E113292,,
466,F0390,F919,,F03918,,
467,I70209,L97409,,I70234,,
468,E109,H3500,,E103292,,
469,E099,H3500,,E0937X9,,
470,F1122,G479,,F11282,,
471,E099,E8301,,E0921,,
472,I2575,I209,,I25759,,
473,E109,H3500,,E103519,,
474,E119,H3500,,E113521,,
475,F1099,F411,,F10980,,
476,E089,H3500,,E093512,,
477,E119,R4020,,E1301,,
478,E139,H3500,,E133312,,
479,I2575,I209,,I25760,,
480,I639,G81,,I69353,,
481,E089,G629,,E0940,,
482,E119,H3500,,E133491,,
483,E089,H3500,,E0937X2,,
484,E119,H3500,,E133411,,
485,F1110,F060,,F11151,,
486,M3500,I776,,M350B,,
487,E089,H3349,,E083529,,
488,E099,H3500,,E093599,,
489,E139,H3500,,E133559,,
490,F1122,F32A,,F1124,,
491,I25810,I208,,I25709,,
492,I2575,I208,,I25768,,
493,G729,M069,,m0540,,
494,E119,E8729,,E11641,,
495,E089,H3500,,E093411,,
496,F1110,F99,,F11151,,
497,E119,H3500,,E1139,,
498,E119,H3500,,E113541,,
499,E119,H269,,E0836,,
500,I25812,I208,,I25768,,
501,E119,H3500,,E133412,,
502,E089,H3500,,E093413,,
503,E089,H3500,,E093393,,
504,m3500,H16209,,M3501,,
505,i639,G8310,,I69149,,
506,k5130,K632,,K51313,,
507,E089,H3500,,E083513,,
508,I10,H3500,,I151,,
509,I2811,I202,,I25752,,
510,f02b0,f22,,F03B2,,
511,e109,H3500,,E103552,,
512,e109,H3500,,E0937X9,,
513,E119,H3500,,E083511,,
514,E099,H3500,,E093519,,
515,E099,H3500,,E088,,
516,E119,r069,,E113592,,
517,E119,r069,,E113512,,
518,E0590,E0500,,E0521,,
519,E089,H3500,,E08329,,
520,E089,H3500,,E083499,,
521,E089,H3500,,E083599,,
522,E099,H3500,,E093491,,
523,E099,H3500,,E093559,,
524,E109,n269,,E1021,,
525,E119,H3500,,E113291,,
526,E139,H3500,,E133411,,
527,F03B0,f22,,F03C2,,
528,I2510,i209,,I25750,,
529,I639,i652,,I63239,,
530,E089,H3500,,E083313,,
531,I2572,I202,,I25722,,
532,E119,M129,,E13618,,
533,F11229,R410,,F11921,,
534,Q874,I77819,,Q87410,,
535,E119,G7000,,E1144,,
536,M069,I319,,M0530,,
537,E089,H3500,,E083312,,
538,E099,H3500,,E093299,,
539,E099,H3500,,E093522,,
540,E139,H3500,,E133591,,
541,F0390,F0150,,F0150,,
542,F10139,R410,,F10131,,
543,F1010,R410,,F10931,,
544,I2570,I209,,I25709,,
545,I2576,I208,,I25768,,
546,I619,G819,,I69159,,
547,E089,e113551,,E083551,,
548,E089,e113531,,E083531,,
549,e109,e113293,,E103293,,
550,E099,e113532,,E093532,,
551,f0280,r451,,F02B11,,
552,E099,e113411,,E093411,,
553,I2510,E28,,I25738,,
554,E089,e113393,,E083393,,
555,E089,e113311,,E083413,,
556,i159,e119,,I152,,
557,E139,e1136,,E1336,,
558,E089,e113559,,E083559,,
559,E089,e133549,,E083549,,
560,e109,k05,,E10630,,
561,L98412,L98412,,l98412,,
562,E089,H3500,,E083491,,
563,E099,e113413,,E093413,,
564,E099,e113543,,E093543,,
565,E109,e113499,,E103499,,
566,F0280,r451,,F02C11,,
567,F0390,f419,,F03B4,,
568,f10239,r410,,F10231,,
569,I25739,I201,,I25731,,
570,i2724,i26,,I2724,,
571,n059,n059,,N00A,,
572,E099,H3521,,E093551,,
573,E119,H3500,,E113411,,
574,E099,H3500,,E093392,,
575,E119,E15,,E08641,,
576,E099,H3500,,E093553,,
577,E119,H3500,,E133311,,
578,E099,H3500,,E093543,,
579,R319,N059,,N02A,,
580,E089,H3343,,E083523,,
581,E089,H3581,,E0837X9,,
582,E099,H3581,,E093292,,
583,E099,H3500,,E093512,,
584,E099,H3520,,E093599,,
585,E119,H3522,,E113552,,
586,E119,M129,,E11610,,
587,E119,H3500,,E133212,,
588,E139,H3500,,E133491,,
589,E139,H3520,,E133559,,
590,R58,G8190,,I69052,,
591,F1020,R188,,K7031,,
592,E139,E083212,,E133292,,
593,E089,E1137X9,,E0837X9,,
594,F03B0,R4584,,F03B3,,
595,I639,G8321,,I69332,,
596,E089,E11359,,E083591,,
597,E109,E133412,,E103412,,
598,E089,E11359,,E093592,,
599,M069,J984,,m0510,,
600,E089,E10352,,E093521,,
601,E119,E1100,,E1301,,
602,E089,E162,,E10649,,
603,E089,E10352,,E083523,,
604,I25719,I200,,I25710,,
605,E119,E11319,,E083213,,
606,E118,E1151,,E1351,,
607,E089,E113219,,E093219,,
608,E119,E1137X9,,E1137X2,,
609,F13120,F059,,F13221,,
610,E089,E1141,,E0841,,
611,E119,E133412,,E113412,,
612,E089,E1137X3,,E0837X3,,
613,E119,E11329,,E113299,,
614,E119,E083212,,E113292,,
615,E119,E11339,,E113392,,
616,E139,G7000,,E1344,,
617,E089,H3500,,E083211,,
618,E089,H3500,,E083492,,
619,E099,E11341,,E093419,,
620,E099,E1149,,E0949,,
621,E109,E103219,,e103312,,
622,E109,E10352,,E103521,,
623,E119,E11341,,E113419,,
624,E119,E11352,,E113533,,
625,E119,E11359,,E113599,,
626,E139,E11641,,E13641,,
627,F1020,F10231,,F10231,,
628,F1210,F062,,F12150,,
629,F1320,G47,,F13182,,
630,I2573,I201,,I25731,,
631,I639,I63112,,I63119,,
632,I639,G81,,I69359,,
633,K5090,K56609,,K50912,,
634,R319,N009,,N02A,,
635,E119,H3500,,E11331,,
636,E099,H3521,,E093521,,
637,F1090,F39,,F1094,,
638,E109,H3500,,E103291,,
639,C9200,Q899,,C92A2,,
640,I25810,I201,,I25701,,
641,E099,M146,,E09610,,
642,E099,H3500,,E093523,,
643,E119,M146,,E11610,,
644,M5090,G959,,M5000,,
645,A419,R7881,,A4150,,
646,E089,H3500,,E083299,,
647,E089,H3500,,E083521,,
648,E099,H3500,,E093593,,
649,E109,H3500,,E103531,,
650,E109,H4313,,E1039,,
651,E119,H3500,,E113551,,
652,E119,M129,,e1161,,
653,E139,H3500,,E133551,,
654,F1120,R41,,F11221,,
655,F1220,F29,,F12250,,
656,F1320,F060,,F13251,,
657,I25810,O209,,I25709,,
658,I25812,I202,,I25752,,
659,A419,G64,,T85732,,
660,E109,E1121,,E1121,,
661,K7040,K7040,,K7040,,
662,E119,E0929,,E0929,,
663,E109,E10630,,E10630,,
664,E119,E133549,,E133549,,
665,F0280,F02B18,,F02B18,,
666,E109,E10A0,,E10A0,,
667,A419,T84611A,,T84611A,,
668,z9481,T8600,,T8600,,
669,E099,E0837X2,,E0837X2,,
670,e109,E1052,,E1052,,
671,f0150,F01A2,,F01A2,,
672,i2510,I2583,,I2583,,
673,f12229,F12222,,F12222,,
674,F11229,F11222,,F11222,,
675,E119,E133219,,E133219,,
676,E119,E093313,,E093313,,
677,E099,E0959,,E0959,,
678,E119,E133521,,E133521,,
679,e139,E1311,,E1311,,
680,e109,E10351,,E10351,,
681,e109,E1051,,E1051,,
682,E099,E0944,,E0944,,
683,E119,E1142,,E1142,,
684,f1112,F11122,,F11122,,
685,D5703,D5703,,D5703,,
686,F1020,F10221,,F10221,,
687,E139,E139,,E139,,
688,F1010,F10120,,F10120,,
689,R319,N02A,,N02A,,
690,M350,M350A,,M350A,,
691,I25810,i70331,,i70331,,
692,E119,E0849,,E0849,,
693,A389,H6690,,A380,,
694,A419,B950,,A400,,
695,A419,A498,,A4153,,
696,B159,K7291,,B150,,
697,B1710,K7291,,B1711,,
698,C9440,D7581,,C9442,,
699,D464,D643,,D461,,
700,D571,D57211,,D57211,,
701,D571,D57212,,D57212,,
702,D571,D57219,,D57219,,
703,D5742,D57432,,D57432,,
704,D5744,D57451,,D57451,,
705,E0590,E0510,,E0510,,
706,E0590,E0540,,E0540,,
707,E089,E083313,,E083313,,
708,E089,E083319,,E083319,,
709,E089,H3342,,E083522,,
710,E089,H3340,,E083529,,
711,E089,H3342,,E083532,,
712,E089,H3343,,E083533,,
713,E089,H3340,,E083539,,
714,E089,H33001,,E083541,,
715,E089,H33003,,E083543,,
716,E099,E0901,,E0901,,
717,E09,E8729,,E0911,,
718,E09,N189,,E0922,,
719,E09,E093311,,E093311,,
720,E09,E093392,,E093392,,
721,E09,E093393,,E093393,,
722,E09,E093412,,E093412,,
723,E099,H3343,,E093523,,
724,E099,H3340,,E093529,,
725,E09,H33002,,E093542,,
726,E09,E0939,,E0939,,
727,E099,G709,,E0944,,
728,E09,G718,,E0944,,
729,E099,E0969,,E0969,,
730,E099,E099,,E099,,
731,E109,H3341,,E103521,,
732,E109,H3342,,E103522,,
733,E109,H3340,,E103529,,
734,E109,H3581,,E1037X9,,
735,E119,H3340,,E11352,,
736,E119,H3341,,E113521,,
737,E119,H3340,,E113529,,
738,E119,E11359,,E11359,,
739,E139,E133511,,E133512,,
740,E139,H3341,,E133521,,
741,E139,H3341,,E133531,,
742,E139,H33002,,E133541,,
743,E119,H33009,,E133549,,
744,e139,h400,,E1339,,
745,E139,E1359,,E1359,,
746,E119,G629,,E13610,,
747,E139,K029,,E13638,,
748,F01A0,R451,,F01A11,,
749,F0150,G479,,F01A18,,
750,F0150,F919,,F01B18,,
751,F0150,F32A,,F01C3,,
752,F0280,F919,,F0282,,
753,F0280,F32A,,F0283,,
754,F0280,F419,,F02B4,,
755,F0390,f062,,F0392,,
756,F02B0,F419,,F03A4,,
757,F03B0,F419,,F03B4,,
758,F10139,F29,,F10132,,
759,F1010,F10951,,F10151,,
760,F10232,F10232,,F10232,,
761,F10939,F10932,,F10932,,
762,F1099,F060,,F10951,,
763,F1099,F1097,,F1097,,
764,F1120,R37,,F11281,,
765,F11120,F11922,,F11922,,
766,F12120,F12122,,F12122,,
767,F12229,R410,,F12221,,
768,F1290,F10951,,F12951,,
769,F13120,R410,,F13121,,
770,F13139,f19139,,F13131,,
771,F1310,F29,,F13150,,
772,F1310,F29,,F13151,,
773,F13229,R410,,F13221,,
774,F4320,F4321,,f4321,,
775,G20,F0390,,G20A1,,
776,I10,N186,,I1311,,
777,I25810,i209,,I25718,,
778,I2510,I208,,I25718,,
779,I25810,I208,,I25738,,
780,I25759,I200,,I25750,,
781,I2510,I209,,I25759,,
782,I2584,I2510,,I2584,,
783,G8190,I639,,i69359,,
784,I609,G8320,,I69139,,
785,I6990,G8310,,I69249,,
786,I639,G8324,,I69334,,
787,I639,G8320,,I69341,,
788,I639,g8312,,I69342,,
789,I639,G8314,,I69344,,
790,I8390,L97909,,I8300,,
791,J9690,R0902,,J9691,,
792,j9690,r0902,,J9601,,
793,J9600,R0902,,J9601,,
794,M3500,M130,,M3505,,
795,M3500,N08,,M350A,,
796,M8440XA,M810,,M8000XA,,
797,A419,B999,,T8461,,
798,E109,e1103313,,e1103313,,
799,E119,E11353,,E11353,,
800,E119,E1111,,E1141,,
801,E119,E113559,,E1142,,
802,F0390,E11622,,F03B2,,
803,F0390,F01A2,,F01A2,,
804,E119,E113559,,E113299,,
805,E119,E11319,,E113419,,
806,E119,E083552,,E113529,,
807,E119,E11622,,E113559,,
808,E119,E1111,,E1142,,
809,E139,E13319,,E13319,,
810,E139,E1343,,E1343,,
811,E139,E13630,,E13630,,
812,E139,E10311,,E10311,,
813,E139,E103313,,E103313,,
814,E139,E103492,,E103492,,
815,E139,E103532,,E103532,,
816,E139,E103592,,E103592,,
817,E139,E1043,,E1043,,
818,E139,E10630,,E10630,,
819,E089,E09630,,E09630,,
820,I10,I1311,,I1311,,
821,F1010,F03911,,F10181,,
822,F1020,F03C2,,F10280,,
823,F1310,F13259,,F13259,,
824,I10,I110,,I110,,
825,I10,E1069,,I152,,
826,I2572,I25710,,I25710,,
827,I713,I711,,I7160,,
828,I6930,I69342,,I69342,,
829,F0390,F03C2,,F03C2,,
830,E059,E0501,,E0501,,
831,E059,E0591,,E0591,,
832,E089,H269,,E0936,,
833,E119,E083552,,E113319,,
834,E119,E11622,,E113499,,
835,E119,E1111,,E113539,,
836,E119,E1300,,E1151,,
837,E119,E133219,,E1300,,
838,E119,E133393,,E133219,,
839,E119,E133543,,E133393,,
840,E119,E1337X1,,E133513,,
841,E119,E133543,,E133543,,
842,E119,E1365,,E1365,,
843,E109,E1143,,E1042,,
844,E109,E1144,,E10610,,
845,E109,E113319,,E10638,,
846,E119,E113539,,E1143,,
847,E119,E113599,,E1144,,
848,E109,E1139,,E1042,,
849,E109,E1152,,E10610,,
850,E109,E11630,,E1043,,
851,E09,E08311,,E0943,,
852,E09,E083313,,E0944,,
853,E09,E1121,,E0842,,
854,E09,E113311,,E08610,,
855,E09,E113531,,E0843,,
856,E139,E113591,,E1343,,
857,E139,E1143,,E1344,,
858,I10,E11622,,I110,,
859,I2583,E1329,,I2583,,
860,K5090,E133311,,K50113,,
861,K5130,E133531,,K51313,,
862,M500,E133591,,M5000,,
863,E119,E1341,,E11319,,
864,E119,E13622,,E113319,,
865,E119,e1122,,E113499,,
866,E119,E11618,,E113539,,
867,E119,E1101,,E113599,,
868,E119,E113299,,E1139,,
869,E119,E113532,,E1152,,
870,E119,E113592,,E11630,,
871,E139,E0821,,E1300,,
872,E139,E083299,,E133219,,
873,E139,E11622,,E133393,,
874,E139,E1329,,E133513,,
875,E139,E133311,,E133543,,
876,E139,E133531,,E1337X1,,
877,E139,E133591,,E1339,,
878,E139,E1341,,E13610,,
879,E139,E13622,,E1365,,
880,E139,E113319,,E10319,,
881,E139,E113539,,E103313,,
882,E139,E113599,,E103493,,
883,E139,E1151,,E103533,,
884,E139,E0801,,E103593,,
885,E139,E083299,,E1039,,
886,E139,E083412,,E1051,,
887,E139,E083522,,E10638,,
888,E089,E0839,,E0800,,
889,E089,E08618,,E083219,,
890,E089,E093219,,E083399,,
891,E089,E093399,,E083519,,
892,E089,E093519,,E083549,,
893,E089,E093549,,E0837X3,,
894,E089,E0937X3,,E08610,,
895,E089,E0944,,E088,,
896,E089,E09630,,E093213,,
897,E089,E0829,,E093393,,
898,E089,E083312,,E093513,,
899,E089,E113299,,E093543,,
900,E089,E113529,,E0937X2,,
901,E089,E1142,,E0959,,
902,E089,E11638,,E0969,,
903,I10,E133313,,I110,,
904,I10,E133533,,I110,,
905,I10,E133592,,I119,,
906,I10,E1343,,I120,,
907,I2572,E13630,,I25710,,
908,I2573,E083391,,I25732,,
909,I2576,E11311,,I25769,,
910,E059,E113313,,E0530,,
911,D5741,E113533,,D57411,,
912,D5741,E113593,,D57452,,
913,F0390,E1149,,F03A2,,
914,F0390,E1165,,F03C4,,
915,F01B0,E133213,,F01B18,,
916,F0280,E133392,,F0283,,
917,F0280,E133512,,F02C11,,
918,I10,E133542,,I130,,
919,I10,E1336,,I110,,
920,I10,E1351,,I110,,
921,I10,E13649,,I129,,
922,I10,E0822,,I152,,
923,I2571,E083311,,I25710,,
924,I2573,E113211,,I25732,,
925,I2576,E113391,,I25769,,
926,E119,E113511,,E08311,,
927,E119,E113541,,E083313,,
928,F0280,E1136,,E083493,,
929,F0280,E1143,,E083533,,
930,F0280,E133312,,E083593,,
931,F0280,E133532,,E0844,,
932,F0280,E133592,,E08638,,
933,F0280,E1342,,E0929,,
934,F0280,E13628,,E093312,,
935,F0280,E1129,,E093492,,
936,F0280,E11618,,E093532,,
937,F0280,E1152,,E093592,,
938,F0280,E11638,,E0943,,
939,F0280,E113213,,E09630,,
940,E109,E113543,,E10311,,
941,E109,E113523,,E103312,,
942,E109,E11319,,E103491,,
943,E109,E1121,,E103531,,
944,E109,E1161,,E103591,,
945,E109,E1165,,E1042,,
946,E109,E11610,,E10628,,
947,E119,E1159,,E1121,,
948,E119,E1121,,E113311,,
949,E119,E1152,,E113491,,
950,E119,E1169,,E113531,,
951,E119,E1143,,E113591,,
952,E119,E1165,,E1143,,
953,E119,E1152,,E11622,,
954,E119,E1121,,E1329,,
955,E119,E1142,,E133311,,
956,E119,E1144,,E133491,,
957,E119,E1142,,E133531,,
958,E119,E113293,,E133591,,
959,E119,E113593,,E1341,,
960,E119,E1137X3,,E13622,,
961,F0390,E11319,,F0393,,
962,F0390,E11620,,F03B11,,
963,F1010,E11620,,F10150,,
964,F1020,E1140,,F10251,,
965,F1099,E1121,,F10959,,
966,F1110,Q0702,,F11181,,
967,F1190,E11620,,F1194,,
968,F1220,E1143,,F12221,,
969,F1310,E11620,,F13131,,
970,F1320,E11618,,F1324,,
971,I6909,E1143,,I69090,,
972,I6930,E1141,,I69351,,
973,E059,E1142,,E0531,,
974,E119,E1136,,e1122,,
975,E119,E1151,,E11618,,
976,E119,E1142,,E1101,,
977,E119,E1136,,E113299,,
978,E119,E11620,,E113492,,
979,E119,E1149,,E113532,,
980,E119,e1165,,E113592,,
981,E109,e1143,,E1029,,
982,E109,e1141,,E10622,,
983,E109,E11620,,E10311,,
984,E109,E1140,,E103319,,
985,E109,E11618,,E103511,,
986,E109,E1151,,E103541,,
987,E109,J449,,E1036,,
988,I10,E1140,,I132,,
989,A419,E1143,,A4152,,
990,F0390,E1144,,F03A0,,
991,F0390,e1151,,F03C0,,
992,K5090,e1136,,K50913,,
993,K704,K7041,,K7041,,
994,B192,B1921,,B1921,,
995,D46,D461,,D461,,
996,D57,D57213,,D57213,,
997,A419,T8571,,T8571,,
998,A419,T85733,,T85733,,
999,A419,T84611D,,T84611D,,
1000,K7460,I8500,,I8510,,
1001,I6930,I69353,,I69353,,
1002,F10130,F10131,,F10131,,
1003,F1023,F10231,,F10231,,
1004,F10932,F10932,,F10932,,
1005,F1110,F1114,,F1114,,
1006,F1120,F11281,,F11281,,
1007,F1215,F12150,,F12150,,
1008,F1290,F12951,,F12951,,
1009,F1310,F13182,,F13182,,
1010,F1320,F13282,,F13282,,
1011,E119,E0821,,E0821,,
1012,E089,E11622,,E083419,,
1013,E089,E1329,,E083529,,
1014,E089,E133311,,E083559,,
1015,E089,E133531,,E0841,,
1016,E089,E133591,,E08622,,
1017,E089,E1341,,E0911,,
1018,E089,E13622,,E093293,,
1019,E089,E113319,,E093413,,
1020,E089,E113539,,E093523,,
1021,E089,E113599,,E093553,,
1022,E089,E1151,,E0940,,
1023,E089,E0801,,E09621,,
1024,E109,E083299,,E1021,,
1025,E109,E083412,,E103293,,
1026,E109,E083319,,E103412,,
1027,E109,E083499,,E103522,,
1028,E109,E0837X1,,E103552,,
1029,E109,E0852,,E1039,,
1030,E109,E0865,,E10620,,
1031,E119,E093211,,E1101,,
1032,E119,E093391,,E113292,,
1033,E119,E093511,,E113412,,
1034,E119,E093541,,E113522,,
1035,E119,E0936,,E113552,,
1036,E119,E0951,,E1140,,
1037,E119,E133531,,E133491,,
1038,E119,E133591,,E133531,,
1039,E119,E1341,,E133591,,
1040,E119,E13622,,E1341,,
1041,E119,E113319,,E13622,,
1042,E089,E113539,,E0801,,
1043,E089,E113599,,E08319,,
1044,E089,E1151,,E083319,,
1045,E089,E0936,,E0936,,
1046,E119,E1300,,E11319,,
1047,E119,E113539,,E113499,,
1048,E119,E113599,,E113539,,
1049,E119,E0801,,E1151,,
1050,E139,E083299,,E1300,,
1051,E139,E083412,,E133219,,
1052,E139,E083522,,E133393,,
1053,E139,E1365,,E1365,,
1054,I10,I152,,I152,,
1055,I2572,I25720,,I25720,,
1056,I2575,I25752,,I25752,,
1057,F0390,F0392,,F0392,,
1058,F10139,F10132,,F10132,,
1059,F1023,F10232,,F10232,,
1060,F1099,F1094,,F1094,,
1061,F1110,F11150,,F11150,,
1062,F1120,F11282,,F11282,,
1063,F1290,F12951,,F12151,,
1064,F1290,F12959,,F12959,,
1065,F1310,F13221,,F13221,,
1066,I6909,I69049,,I69049,,
1067,I6930,I69343,,I69343,,
1068,E119,E0801,,E0801,,
1069,E119,E083412,,E083412,,
1070,E119,E083522,,E083522,,
1071,E119,E083552,,E083552,,
1072,E119,E0839,,E0839,,
1073,E119,E08618,,E08618,,
1074,E119,E093219,,E089,,
1075,E119,E093399,,E093219,,
1076,E119,E093519,,E093399,,
1077,E119,E093549,,E093519,,
1078,E119,E0937X3,,E093549,,
1079,E119,E0937X3,,E0937X3,,
1080,E119,E0944,,E0944,,
1081,E119,E09630,,E09630,,
1082,E109,E0829,,E1021,,
1083,E109,E083312,,E103293,,
1084,E109,E113299,,E103413,,
1085,E109,E10A1,,E10A1,,
1086,E119,E1310,,E1110,,
1087,E119,E133292,,E113211,,
1088,E119,E133412,,E113391,,
1089,E119,E133522,,E113511,,
1090,E119,E133552,,E113541,,
1091,E119,E1339,,E1136,,
1092,E119,E13620,,E1143,,
1093,E139,E133522,,E133522,,
1094,F01B0,F01511,,F01511,,
1095,F01B0,F01B2,,F01B2,,
1096,F0280,F02C18,,F02C18,,
1097,I77810,I77812,,I77812,,
1098,F1020,F10229,,F10220,,
1099,F1099,F10982,,F10982,,
1100,F1290,F12921,,F12921,,
1101,F1310,F13159,,F13159,,
1102,F1310,F0390,,F1327,,
1103,I2510,I25111,,I25111,,
1104,I2571,I25719,,I25719,,
1105,I2575,I25751,,I25751,,
1106,I2579,I25798,,I25798,,
1107,I2571,I25719,,I25711,,
1108,I2573,I25738,,I25738,,
1109,I2579,I25790,,I25790,,
1110,E119,E083312,,E083312,,
1111,E089,E113299,,E083492,,
1112,E089,E113529,,E083532,,
1113,E089,E0922,,E0922,,
1114,E119,E113529,,E113419,,
1115,E119,E1142,,E113529,,
1116,E119,E11638,,E113559,,
1117,E119,E133313,,E1142,,
1118,E119,E133533,,E11638,,
1119,E119,E133592,,E13319,,
1120,E119,E133313,,E133313,,
1121,E119,E133533,,E133493,,
1122,E119,E133592,,E133533,,
1123,E119,E1343,,E133592,,
1124,E119,E13630,,E1343,,
1125,E119,E083391,,E13630,,
1126,F0390,E11311,,F03A2,,
1127,F0390,E113313,,F03C4,,
1128,F1010,E113533,,F10180,,
1129,I6930,I69341,,I69341,,
1130,E119,E10319,,E083211,,
1131,E089,E11311,,E083511,,
1132,E089,E113313,,E083541,,
1133,E089,E113533,,E0836,,
1134,E089,E113593,,E0851,,
1135,E089,E1149,,E08649,,
1136,E089,E1165,,E09319,,
1137,E089,E133213,,E093319,,
1138,E089,E093539,,E093539,,
1139,E089,E093599,,E093599,,
1140,E089,E0949,,E0949,,
1141,E089,E09641,,E09641,,
1142,E119,E113533,,E113493,,
1143,E119,E113593,,E113533,,
1144,E119,E1149,,E113593,,
1145,E119,E1165,,E1149,,
1146,E119,E133213,,E1165,,
1147,E119,E133213,,E133213,,
1148,E119,E133392,,E133392,,
1149,E119,E133512,,E133512,,
1150,E119,E133542,,E133542,,
1151,E119,E1336,,E1336,,
1152,E119,E1351,,E1351,,
1153,E119,E13649,,E13649,,
1154,F0390,E0822,,F03A11,,
1155,I77810,E083311,,I77812,,
1156,F1020,E113211,,F10220,,
1157,F1099,G479,,F10982,,
1158,F1292,F13159,,F12921,,
1159,F1310,F1327,,F13159,,
1160,I6909,I69051,,I69051,,
1161,I6930,I69344,,I69344,,
1162,I2579,I69344,,I25701,,
1163,I2572,I25728,,I25728,,
1164,I2576,I25760,,I25760,,
1165,E089,E113211,,E083491,,
1166,E089,E113391,,E083531,,
1167,E089,E113511,,E083591,,
1168,E089,E113541,,E0842,,
1169,E089,E1136,,E08628,,
1170,E089,E1143,,E0921,,
1171,E089,E133312,,E093299,,
1172,E109,E1022,,E103299,,
1173,E109,E103299,,E103413,,
1174,E109,E103413,,E103523,,
1175,E109,E103523,,E103553,,
1176,E109,E103553,,E1040,,
1177,E109,E1040,,E10621,,
1178,E119,E10621,,E1110,,
1179,E119,E1136,,E1136,,
1180,E119,E1143,,E133312,,
1181,E119,E133312,,E133492,,
1182,E119,E133532,,E133532,,
1183,I10,E1129,,I130,,
1184,I10,E11618,,I110,,
1185,I2571,I25710,,I25710,,
1186,F0390,F03A3,,F03A3,,
1187,F0390,F03C11,,F03C11,,
1188,F1120,F11222,,F11222,,
1189,F1320,F13259,,F13259,,
1190,E119,E11618,,E11621,,
1191,E119,E1152,,E11618,,
1192,E119,E11638,,E1152,,
1193,E119,E113213,,E11638,,
1194,E119,E113543,,E113213,,
1195,E119,E113523,,E113413,,
1196,E119,E11319,,E113543,,
1197,I10,E11319,,I110,,
1198,E119,E1121,,E11319,,
1199,E119,E1161,,E1121,,
1200,E119,E1165,,E1161,,
1201,I2510,E11610,,I25119,,
1202,E119,E1159,,E1165,,
1203,E119,E1121,,E1140,,
1204,M069,E1121,,M0550,,
1205,E119,E1152,,E1121,,
1206,E119,E1169,,E1152,,
1207,E119,E1143,,E1169,,
1208,I2510,E1165,,I25118,,
1209,F322,E1152,,F323,,
1210,E119,E1121,,E1143,,
1211,K5100,E1152,,K51012,,
1212,I10,E1121,,i130,,
1213,E119,E1142,,E1152,,
1214,E119,E1144,,E1121,,
1215,J449,E1142,,J440,,
1216,F1020,E1137X3,,F10220,,
1217,I10,E1142,,I1310,,
1218,E119,E1137X3,,E113293,,
1219,E119,E11319,,E113493,,
1220,E119,E11620,,E113593,,
1221,E119,E11620,,E113553,,
1222,E119,E11620,,E11319,,
1223,I10,E1140,,I120,,
1224,E119,E1121,,E11620,,
1225,J449,Q0702,,J449,,
1226,J45909,E11620,,j45901,,
1227,F4000,E1143,,f4001,,
1228,I119,E1121,,I1311,,
1229,M329,Q0702,,M3212,,
1230,M810,E11620,,M8000XA,,
1231,E109,E1143,,E1051,,
1232,E119,E11620,,E1121,,
1233,F4000,E11618,,F4001,,
1234,I2510,E1143,,I25111,,
1235,I6909,I69059,,I69059,,
1236,I7020,I7025,,I7025,,
1237,M0550,M069,,M0550,,
1238,M3500,M063,,M3505,,
1239,Q070,Q0702,,Q0702,,
1240,I6930,i69359,,i69359,,
1241,E119,Q0702,,E11620,,
1242,F0390,E11620,,G3183,,
1243,I10,E11620,,I1310,,
1244,I6930,E11618,,I63119,,
1245,I6909,E1143,,I69059,,
1246,M3500,E1141,,M350B,,
1247,M3500,M3215,,M3215,,
1248,I10,E11618,,I160,,
1249,E119,E1143,,E11618,,
1250,E119,E1141,,E1143,,
1251,K7460,E1136,,K7030,,
1252,J9610,E1151,,J9612,,
1253,B189,B180,,B180,,
1254,I10,I132,,I132,,
1255,I6930,I6330,,I6330,,
1256,M3300,M3302,,M3302,,
1257,N00,N00A,,N00A,,
1258,D50,D5521,,D5521,,
1259,I6909,I69039,,I69039,,
1260,I7020,I70219,,I70219,,
1261,M3390,M3392,,M3392,,
1262,R80,N066,,N066,,
1263,I6930,I63219,,I63219,,
1264,M332,M3322,,M3322,,
1265,R31,N02A,,N02A,,
1266,N03,N036,,N036,,
1267,E059,e0520,,e0520,,
1268,I6930,G81,,i69354,,
1269,E09,G629,,E0940,,
1270,E09,M129,,E09618,,
1271,E09,E09629,,E09629,,
1272,E089,E0841,,E0841,,
1273,E139,E13618,,E13618,,
1274,K766,I8510,,I8510,,
1275,G20,F0390,,G20C,,
1276,K5090,K50011,,K50011,,
1277,K219,K2100,,K2100,,
1278,K37,K3532,,K3532,,
1279,J45909,J449,,J449,,
1280,I2510,I25110,,I25118,,
1281,E0590,E040,,E0590,,
1282,E0590,E042,,E0521,,
1283,E031,E049,,E030,,
1284,E099,E870,,E0900,,
1285,E119,E8729,,E0911,,
1286,E109,E8729,,E1069,,
1287,E119,G629,,E0940,,
1288,E089,I10,,E0859,,
1289,E119,I96,,E0952,,
1290,B1920,K7291,,B1711,,
1291,E119,L97509,,E1159,,
1292,E089,M129,,E08620,,
1293,E089,N181,,E0822,,
1294,C9200,C9261,,C9261,,
1295,D5700,D5700,,D5700,,
1296,D5700,D5703,,D5703,,
1297,D5740,D57418,,D57418,,
1298,D5744,D57459,,D57459,,
1299,E119,E083211,,E083211,,
1300,E119,E083213,,E083213,,
1301,E089,E08329,,E08329,,
1302,E119,E083291,,E083291,,
1303,E119,E083492,,E083492,,
1304,E119,E083532,,E083532,,
1305,E089,E083541,,E083541,,
1306,E119,E083592,,E083592,,
1307,E119,E08628,,E08628,,
1308,E119,E093299,,E093299,,
1309,E119,E093419,,E093419,,
1310,E119,E093529,,E093529,,
1311,E119,E093559,,E093559,,
1312,E119,R739,,E0965,,
1313,F01B0,F29,,F01B2,,
1314,F0150,F919,,F01C18,,
1315,F0280,F419,,F02C4,,
1316,F0390,G479,,F03918,,
1317,F0390,F419,,F0393,,
1318,F03A0,F03A3,,F03A3,,
1319,F03C0,G479,,F03C18,,
1320,F03C0,F29,,F03C2,,
1321,F1010,F29,,F10150,,
1322,F1010,F29,,F10151,,
1323,F1020,F29,,F10251,,
1324,F1020,F1026,,F1026,,
1325,F1090,F29,,F10959,,
1326,F1090,R37,,F10981,,
1327,F1190,F39,,F1194,,
1328,F12220,R410,,F12221,,
1329,F1290,F29,,F12950,,
1330,F13139,F19922,,F13132,,
1331,F4320,F418,,F4323,,
1332,G20A1,F0390,,G20A1,,
1333,G309,G301,,G301,,
1334,H16009,H20059,,H16031,,
1335,I10,I15810,,I110,,
1336,I10,N181,,I1310,,
1337,I2510,R252,,I25111,,
1338,I25810,I202,,I25732,,
1339,I25812,I209,,I25769,,
1340,I2724,I2699,,I2724,,
1341,I639,I63339,,I6330,,
1342,I639,I63449,,I63449,,
1343,I629,G8310,,I69249,,
1344,I639,G8310,,I69331,,
1345,I639,G8310,,I69333,,
1346,I639,G8310,,I69339,,
1347,I639,G8311,,I69341,,
1348,I639,G8310,,I69349,,
1349,I639,G8190,,I69353,,
1350,I70201,L97209,,I70232,,
1351,I8730,I87319,,I87319,,
1352,K5190,K625,,k51911,,
1353,K5190,K56609,,k51912,,
1354,K769,K831,,K710,,
1355,K769,K716,,K7150,,
1356,M069,M059,,M0570,,
1357,M3300,J989,,M3301,,
1358,M3500,M064,,M3505,,
1359,Q0700,Q059,,Q0701,,
1360,Q0700,G919,,Q0702,,
1361,A419,R5620,,R6520,,
1362,A419,T83518,,T83518,,
1363,A419,T8469XA,,T8460XA,,
1364,i70209,I70219,,I70219,,
1365,I639,I6330,,I6330,,
1366,E119,E0837X3,,E0837X3,,
1367,E119,E083293,,E083293,,
1368,E119,E083399,,E083399,,
1369,E119,E0859,,E0859,,
1370,E119,E0869,,E0869,,
1371,E119,E083549,,E083549,,
1372,E119,E083519,,E083519,,
1373,E089,E083523,,E083523,,
1374,E089,E08319,,E08319,,
1375,E099,E09329,,E09329,,
1376,E099,E093532,,E093532,,
1377,E099,E093592,,E093592,,
1378,D57,D5700,,D5700,,
1379,e6601,E662,,E662,,
1380,E119,E133212,,E133212,,
1381,E119,E133211,,E133211,,
1382,E119,E133293,,E133293,,
1383,E119,E133299,,E133299,,
1384,E139,E133311,,E133311,,
1385,E119,E133319,,E133319,,
1386,E119,E133391,,E133391,,
1387,E119,E1339,,E1339,,
1388,E119,E133541,,E133541,,
1389,E119,E133511,,E133511,,
1390,E119,E133523,,E133523,,
1391,E119,E133529,,E133529,,
1392,E139,E133531,,E133531,,
1393,E119,E133539,,E133539,,
1394,E119,E133593,,E133593,,
1395,E119,E133591,,E133591,,
1396,E119,E133599,,E133599,,
1397,E119,E133413,,E133413,,
1398,E119,E133419,,E133419,,
1399,E139,E133491,,E133491,,
1400,E119,E133491,,E133491,,
1401,E119,E133553,,E133553,,
1402,E119,E133559,,E133559,,
1403,E139,E13329,,E13329,,
1404,d5742,D57439,,D57439,,
1405,d572,D57211,,D57211,,
1406,M3500,M3505,,M3505,,
1407,E109,E10A,,E10A,,
1408,E119,E11355,,E11355,,
1409,E119,E113311,,E113311,,
1410,f0390,F03B3,,F03B3,,
1411,n30,R319,,n3001,,
1412,c9440,c9440,,C9441,,
1413,f1020,f05,,F10221,,
1414,k7460,r188,,K7031,,
1415,i209,i2481,,I2081,,
1416,i25719,I209,,I25719,,
1417,i70201,l97319,,I70233,,
1418,J479,J22,,J470,,
1419,i25810,i209,,I25709,,
1420,f12220,f19122,,F12222,,
1421,f12220,f1922,,F12222,,
1422,h401433,h401433,,h401420,,
1423,i629,i652,,I63239,,
1424,b181,b180,,B180,,
1425,k5090,k6520,,K50911,,
1426,E119,N2589,,E0821,,
1427,E089,L97909,,E08621,,
1428,E089,E159,,E08641,,
1429,E089,M8698,,E0869,,
1430,E099,L97909,,E09621,,
1431,E099,H409,,E0939,,
1432,E099,E8729,,E0901,,
1433,E099,H3500,,E09311,,
1434,I639,g8191,,I69359,,
1435,m330,g729,,M3302,,
1436,I639,G8324,,I69342,,
1437,i639,g831,,I69349,,
1438,i69143,G831,,I69249,,
1439,I639,G8321,,I69339,,
1440,i609,g8324,,I69039,,
1441,i629,g8324,,I69239,,
1442,F1110,F529,,F11181,,
1443,f11129,g47,,F11182,,
1444,f1190,g47,,F11182,,
1445,F11221,f060,,F11251,,
1446,A419,A4159,,A4159,,
1447,F329,F419,,F418,,
1448,E119,L309,,E13620,,
1449,E119,N289,,E1321,,
1450,E119,G629,,E1340,,
1451,e139,I739,,E1352,,
1452,E119,L97909,,E13621,,
1453,E119,E159,,E13641,,
1454,e139,E159,,E13641,,
1455,e0580,e0591,,E0581,,
1456,E0580,e0591,,E0580,,
1457,j9690,r0689,,J9692,,
1458,F1323,F05,,F13131,,
1459,F13130,F05,,F13131,,
1460,f13130,f19122,,F13132,,
1461,f13130,f1922,,F13132,,
1462,A419,t85193,,T85734,,
1463,A419,B952,,A4181,,
1464,A419,t84610,,T84610S,,
1465,a419,b9561,,A4101,,
1466,d571,l089,,D57214,,
1467,e0590,e0530,,E0531,,
1468,e0590,e0521,,E0521,,
1469,E119,G629,,E1040,,
1470,E119,M129,,E1618,,
1471,E119,e7849,,E1169,,
1472,E119,M1467,,E11610,,
1473,E119,n289,,E1140,,
1474,E119,E159,,E11649,,
1475,f03a1,r451,,F03A11,,
1476,F03B18,R451,,F03B11,,
1477,f03c0,r443,,F03C2,,
1478,F0390,R4584,,F0393,,
1479,F01C0,F419,,F01C4,,
1480,E139,H3522,,E133511,,
1481,E139,H35012,,e133412,,
1482,F01A0,F32A,,F01A3,,
1483,I679,G8322,,I69332,,
1484,E119,G629,,E1143,,
1485,E119,E161,,E11641,,
1486,E139,H3500,,E133211,,
1487,E139,H3500,,E133319,,
1488,E139,H3500,,E133499,,
1489,E139,H3523,,E133539,,
1490,E139,H3523,,E133593,,
1491,E139,G545,,E1344,,
1492,E139,E13638,,E13638,,
1493,E109,H3500,,E103493,,
1494,E109,H3523,,E103533,,
1495,E089,H3581,,E08311,,
1496,E089,H35013,,E083313,,
1497,E0590,E049,,E0501,,
1498,F03A1,F03A2,,F03A2,,
1499,I10,E1169,,I152,,
1500,F0390,F03A18,,F03918,,
1501,F03C0,F03C3,,F03C3,,
1502,E119,E0591,,E083213,,
1503,E089,E0591,,E083393,,
1504,E119,H3520,,E133519,,
1505,E119,H3520,,E133549,,
1506,E119,H3520,,E11351,,
1507,E109,E1021,,E1021,,
1508,E099,G545,,E0944,,
1509,E089,E0821,,E0821,,
1510,K5090,K625,,K50111,,
1511,K5130,K625,,K51311,,
1512,M5090,M5410,,M5010,,
1513,E139,E161,,E1301,,
1514,E139,H3500,,E1337X2,,
1515,E139,H3582,,E1339,,
1516,E139,M1280,,E13618,,
1517,E109,H3529,,E103539,,
1518,E109,H3529,,E103599,,
1519,E109,H4310,,E1039,,
1520,D574,D57412,,D57412,,
1521,D57459,I679,,D57453,,
1522,F0150,F01B2,,F01B2,,
1523,F0280,F02818,,F02C18,,
1524,E109,H3500,,E103492,,
1525,E109,H3522,,E103532,,
1526,E119,H3522,,E113532,,
1527,E119,H3522,,E113592,,
1528,F1099,F04,,F1096,,
1529,F1323,F13132,,F13132,,
1530,I609,R131,,I69091,,
1531,I639,G81,,I69352,,
1532,E119,H3523,,E113533,,
1533,E109,H3522,,E103542,,
1534,E109,H3500,,E1037X1,,
1535,A419,R6510,,R6510,,
1536,A419,J1569,,A4153,,
1537,K5090,K50914,,K50914,,
1538,K719,K711,,K7111,,
1539,B529,N289,,B520,,
1540,D464,D4620,,D4620,,
1541,D572,D57214,,D57214,,
1542,A419,T82594,,T827,,
1543,A419,T83110,,T83590,,
1544,A419,T84611D,,T84611S,,
1545,I639,G81,,I69354,,
1546,F03B0,F03B2,,F03B2,,
1547,F11129,G479,,F11282,,
1548,F13120,R410,,F13221,,
1549,E109,H3523,,E103523,,
1550,E109,H3523,,E103553,,
1551,E119,H3500,,E113413,,
1552,E119,H3523,,E113523,,
1553,E109,E161,,E10649,,
1554,E139,H3581,,E1337X2,,
1555,I10,I5198,,I119,,
1556,I25729,I201,,I25721,,
1557,F1110,F062,,F11151,,
1558,E119,H3500,,E083413,,
1559,E119,H3523,,E083523,,
1560,E119,H3500,,E083553,,
1561,E119,H3500,,E093291,,
1562,E119,H3500,,E093411,,
1563,E119,H3521,,E093521,,
1564,E119,H3500,,E093551,,
1565,E109,G629,,E1021,,
1566,E109,E10A2,,E10A2,,
1567,E139,H3500,,E133293,,
1568,E139,H3520,,E133523,,
1569,E139,H3523,,E133553,,
1570,F0150,F01B3,,F01B3,,
1571,F0280,F29,,F02C2,,
1572,I25729,I200,,I25720,,
1573,I25719,I202,,I25712,,
1574,I25739,I209,,I25739,,
1575,E109,H3500,,E103491,,
1576,E109,H3521,,E103531,,
1577,E119,E0843,,E133211,,
1578,E119,E1143,,E133319,,
1579,E119,E1143,,E133499,,
1580,E119,E1143,,E133539,,
1581,F03C0,R410,,F03C11,,
1582,I639,G8320,,I69342,,
1583,E089,H2510,,E0936,,
1584,E109,H3520,,E103539,,
1585,E109,G628,,E1049,,
1586,E119,H3520,,E113539,,
1587,E119,H3500,,E133393,,
1588,E119,H3500,,E133513,,
1589,E119,H3520,,E133543,,
1590,I25729,I209,,I25729,,
1591,E119,H3500,,E083312,,
1592,E109,N189,,E1029,,
1593,E109,H3500,,E103311,,
1594,E119,H3500,,E133313,,
1595,E119,H3500,,E133493,,
1596,E119,H3523,,E133533,,
1597,A419,B958,,A412,,
1598,E119,H3520,,E113549,,
1599,E119,H3520,,E113529,,
1600,F332,F29,,F333,,
1601,E6601,R0689,,E662,,
1602,F1020,F10921,,F10221,,
1603,J45909,J449,,J4489,,
1604,J439,J449,,J439,,
1605,N08,M359,,M3214,,
1606,D649,D550,,D550,,
1607,M3500,M3214,,M350A,,
1608,Q070,Q052,,Q0703,,
1609,I639,I6509,,I63219,,
1610,I309,M359,,M3212,,
1611,R31,M059,,N02A,,
1612,E039,L988,,E032,,
1613,R809,N056,,N066,,
1614,N039,N056,,N036,,
1615,E089,G709,,E0844,,
1616,K7460,I8510,,I8510,,
1617,K5090,K5660,,K50012,,
1618,A4153,A4153,,A4153,,
1619,D571,D57213,,D57213,,
1620,F0390,E039,,f0280,,
1621,E0801,E0801,,E0801,,
1622,E083293,E083293,,E083293,,
1623,E083413,E083413,,E083413,,
1624,E083523,E083523,,E083523,,
1625,E083553,E083553,,E083553,,
1626,E0911,E0911,,E0911,,
1627,E093293,E093293,,E093293,,
1628,E093413,E093413,,E093413,,
1629,E093523,E093523,,E093523,,
1630,E093553,E093553,,E093553,,
1631,E109,E1001,,E1001,,
1632,E103212,E103212,,E103212,,
1633,E103299,E103299,,E103299,,
1634,E103413,E103413,,E103413,,
1635,E103513,e103513,,e103513,,
1636,E103523,E103523,,E103523,,
1637,E103553,E103553,,E103553,,
1638,E109,E10610,,E10610,,
1639,E1100,E1100,,E1100,,
1640,E113291,E113291,,E113291,,
1641,E11341,E11341,,E11341,,
1642,E103411,e113411,,e113411,,
1643,E113411,E113411,,E113411,,
1644,E113521,E113521,,E113521,,
1645,E113551,E113551,,E113551,,
1646,E1137X9,E1137X9,,E1137X9,,
1647,E133299,E133299,,E133299,,
1648,E133312,e133312,,e133312,,
1649,E133419,E133419,,E133419,,
1650,E133529,E133529,,E133529,,
1651,E133559,E133559,,E133559,,
1652,F0153,F0153,,F0153,,
1653,F01C3,F01C3,,F01C3,,
1654,F0280,F0392,,F02B2,,
1655,F03A3,F03A3,,F03A3,,
1656,F1920,F10120,,F10220,,
1657,F1310,F419,,F13280,,
1658,E089,G629,,E0821,,
1659,E119,G909,,E1343,,
1660,E119,H269,,E1143,,
1661,E11351,H3581,,E11351,,
1662,I25729,I201,,I25711,,
1663,I25799,I201,,I25791,,
1664,I25708,I208,,I25718,,
1665,M069,I776,,M0520,,
1666,I2510,I96,,i70268,,
1667,K51312,K51312,,K51312,,
1668,K719,K7151,,K7151,,
1669,E089,L97509,,E09621,,
1670,E119,L97509,,E09621,,
1671,E119,L97509,,E13621,,
1672,M810,M8000XA,,M8000XA,,
1673,Q031,Q059,,Q0701,,
1674,F0280,R451,,F02811,,
1675,F03C0,R451,,F03911,,
1676,F0150,F02818,,F01C18,,
1677,F0390,R451,,F01A11,,
1678,F0390,F01C2,,F01C2,,
1679,K510,L0291,,K51014,,
1680,E109,M792,,E1042,,
1681,E139,R402,,E1301,,
1682,E139,E113299,,E133219,,
1683,E139,E113399,,E133399,,
1684,E139,e113519,,E133519,,
1685,E139,e113549,,E133549,,
1686,E139,E1339,,E1343,,
1687,E139,E1343,,E13628,,
1688,E109,H3520,,E10359,,
1689,E109,l97909,,E10622,,
1690,E109,z9862,,E1051,,
1691,E109,E113299,,E103219,,
1692,E109,E113399,,E103393,,
1693,E109,e113519,,E103513,,
1694,E109,e113549,,E103543,,
1695,E109,E1337X2,,E1037X2,,
1696,E109,E1369,,E1069,,
1697,E109,N142,,E1021,,
1698,E109,G609,,E1040,,
1699,E109,E10649,,E10649,,
1700,E109,E1010,,E1010,,
1701,E109,E13311,,E10641,,
1702,E109,E1344,,E1021,,
1703,K7110,K7151,,K7151,,
1704,D5742,D5700,,D57419,,
1705,F0390,F32A,,F03C3,,
1706,f1310,G479,,F13182,,
1707,G20C,F0390,,G20C,,
1708,E139,e113221,,E133212,,
1709,E139,E133593,,E133593,,
1710,E139,E1344,,E1344,,
1711,F11221,R37,,F11281,,
1712,F11221,F059,,F11221,,
1713,F0390,F32A,,F01B3,,
1714,E119,e113211,,e113311,,
1715,E119,G609,,E11638,,
1716,E119,E113219,,E113321,,
1717,E119,e113311,,E113391,,
1718,E119,e113521,,E113541,,
1719,E119,N189,,E11621,,
1720,E119,E0829,,E1165,,
1721,E139,E0843,,E133213,,
1722,E139,E0941,,E133392,,
1723,E139,E1152,,E133512,,
1724,E139,E1321,,E133542,,
1725,E139,E1129,,E1351,,
1726,E139,E0939,,E13649,,
1727,E119,E0842,,E1100,,
1728,E119,E0941,,E113291,,
1729,E119,E08610,,E113411,,
1730,E119,E0949,,E113521,,
1731,E119,E0939,,E113551,,
1732,E119,E0839,,E1137X9,,
1733,E119,E09618,,E11621,,
1734,E089,E0843,,E083319,,
1735,E089,E0941,,E083493,,
1736,E099,E093491,,E093491,,
1737,E099,E093531,,E093531,,
1738,E099,E093591,,E093591,,
1739,E139,E1321,,E1301,,
1740,E099,G609,,E0940,,
1741,E089,E113299,,E083213,,
1742,E089,E113399,,E083393,,
1743,E089,e113519,,E083513,,
1744,E089,e113549,,E083543,,
1745,E089,E1337X2,,E0837X2,,
1746,E089,E1059,,E0859,,
1747,E089,E1369,,E0869,,
1748,E099,E113299,,E093213,,
1749,E099,E113399,,E093393,,
1750,E099,e113519,,E093513,,
1751,E099,e113549,,E093543,,
1752,E099,E1337X2,,E0937X2,,
1753,E099,E1059,,E0959,,
1754,E089,E083549,,E083549,,
1755,E089,E0837X3,,E0837X3,,
1756,E089,E08610,,E08610,,
1757,E099,E093213,,E093213,,
1758,E099,E093393,,E093393,,
1759,E099,E093513,,E093513,,
1760,E099,E093543,,E093543,,
1761,E089,N182,,E0822,,
1762,E089,E09618,,E08620,,
1763,E099,E09618,,E09618,,
1764,F0390,F02818,,F03A18,,
1765,I679,G8324,,I69342,,
1766,I679,G8190,,I69352,,
1767,f1292,F059,,F12921,,
1768,F1210,F29,,F12951,,
1769,F1210,F29,,F12950,,
1770,F1210,F29,,F12150,,
1771,I2510,I208,,I25758,,
1772,I2510,I2089,,I25731,,
1773,I2510,I208,,I25738,,
1774,I2510,I209,,I25709,,
1775,I2510,I202,,I25762,,
1776,I2510,I202,,I25708,,
1777,I2510,I200,,I25720,,
1778,I2510,I209,,I25729,,
1779,F10939,F05,,F10931,,
1780,F10939,F059,,F10931,,
1781,F10239,F05,,F10231,,
1782,F10239,F059,,F10231,,
1783,F1020,F10129,,F10220,,
1784,F1020,F10229,,F10282,,
1785,F1013,F05,,F10131,,
1786,F1013,F059,,F10131,,
1787,F10129,F059,,F10121,,
1788,E7800,E781,,E782,,
1789,K7151,K7151,,K7151,,
1790,I639,I6529,,I63419,,
1791,I639,I6529,,I63239,,
1792,E119,H209,,E1137,,
1793,I7090,I96,,i70268,,
1794,E7209,E7204,,E7204,,
1795,E119,E1301,,E1301,,
1796,E119,E1359,,E1359,,
1797,E089,E0801,,E0801,,
1798,E089,E0900,,E0900,,
1799,E089,E093219,,E093219,,
1800,E089,E093399,,E093399,,
1801,E089,E093519,,E093519,,
1802,E089,E093549,,E093549,,
1803,E089,E09610,,E09610,,
1804,E089,E098,,E098,,
1805,E089,E08641,,E08641,,
1806,E119,G629,,e1121,,
1807,E089,N289,,E0921,,
1808,E089,E093299,,E093299,,
1809,E119,G629,,E1342,,
1810,E089,E0811,,E0811,,
1811,E119,E0810,,E0810,,
1812,E119,E0840,,E0840,,
1813,E119,L309,,E08620,,
1814,E119,R739,,E0900,,
1815,E119,E0937X9,,E0937X9,,
1816,E119,E0949,,E0949,,
1817,E119,E09638,,E09638,,
1818,F12129,F12121,,F12121,,
1819,E119,E1344,,E1344,,
1820,E119,E1151,,E1151,,
1821,E119,E1300,,E1300,,
1822,E119,R739,,E1365,,
1823,E119,E1343,,E1343,,
1824,E119,I739,,E1151,,
1825,E119,I96,,E1152,,
1826,E109,H3500,,E10319,,
1827,E109,R739,,E1065,,
1828,E139,E870,,E1301,,
1829,F0390,R443,,F0392,,
1830,F1020,R37,,F10281,,
1831,J9610,R0902,,J9611,,
1832,E119,E1121,,E1121,,
1833,E119,E1169,,E1169,,
1834,F0390,F329,,f0393,,
1835,F0390,F419,,F03C4,,
1836,F0150,F419,,F01B4,,
1837,E119,I10,,E1159,,
1838,E139,E8729,,E1310,,
1839,E139,E133291,,E133291,,
1840,E139,E133411,,E133411,,
1841,E139,E133551,,E133551,,
1842,E139,E1337X3,,E1337X3,,
1843,I10,E119,,I152,,
1844,I25810,I200,,I25710,,
1845,E109,K3184,,E1043,,
1846,E119,K3184,,E1143,,
1847,E109,G709,,E1044,,
1848,E089,K3184,,E0843,,
1849,E139,G629,,E1342,,
1850,E139,K3184,,E1343,,
1851,I10,N1830,,I129,,
1852,I10,N189,,I120,,
1853,E119,N189,,E1122,,
1854,E119,N189,,E1322,,
1855,J449,J45909,,J4489,,
1856,F0150,F419,,F0154,,
1857,M069,G629,,M0550,,
1858,I2510,I209,,I25119,,
1859,E119,E785,,E1169,,
1860,E119,L98499,,E11622,,
1861,E109,G629,,E1040,,
1862,E109,M129,,E10618,,
1863,E089,G629,,E0840,,
1864,E089,M129,,E08618,,
1865,E139,G589,,E1341,,
1866,E139,L98499,,E13622,,
1867,K5090,K630,,K50114,,
1868,K5130,K630,,K51314,,
1869,E119,E162,,E11649,,
1870,A419,A414,,A414,,
1871,F0150,F0152,,F0152,,
1872,E119,E1159,,E1159,,
1873,A419,A4181,,A4181,,
1874,A419,A4151,,A4151,,
1875,J45909,j45901,,j45901,,
1876,L98499,L98412,,L98412,,
1877,E119,E138,,E138,,
1878,E139,E098,,E098,,
1879,A419,A401,,A401,,
1880,A419,A412,,A412,,
1881,A419,B963,,A413,,
1882,E0590,E041,,E0510,,
1883,E0590,E042,,E0520,,
1884,E0590,E049,,E0500,,
1885,E109,E1029,,E1029,,
1886,E109,E1059,,E1059,,
1887,E109,E10628,,E10628,,
1888,E109,E10638,,E10638,,
1889,E109,E1069,,E1069,,
1890,E119,E1139,,E1139,,
1891,E119,E1149,,E1149,,
1892,E119,E11628,,E11628,,
1893,E119,E11638,,E11638,,
1894,E119,E1349,,E1349,,
1895,E139,E13628,,E13628,,
1896,E119,E13638,,E13638,,
1897,E109,E162,,E10641,,
1898,E119,E162,,E11641,,
1899,E109,E162,,E10649,,
1900,E139,E162,,E13649,,
1901,E139,E162,,E08649,,
1902,E139,E162,,E09649,,
1903,I10,E349,,I152,,
1904,E109,E785,,E1069,,
1905,E099,E870,,E0901,,
1906,E119,E870,,E1101,,
1907,E119,E870,,E0801,,
1908,E139,E870,,E0900,,
1909,E119,E8729,,E1110,,
1910,E109,E8729,,E1011,,
1911,E119,E8729,,E1311,,
1912,E139,E8729,,E0811,,
1913,E139,E8729,,E1311,,
1914,E109,E8729,,E1010,,
1915,E119,E8729,,E1310,,
1916,F1320,F0390,,F1327,,
1917,F0390,F0393,,F0393,,
1918,F12129,F059,,F12121,,
1919,F12929,F059,,F12921,,
1920,F1020,F059,,F10221,,
1921,F1023,F059,,F10231,,
1922,F10239,F059,,F10131,,
1923,F10929,F059,,F10921,,
1924,F1112,F059,,F11121,,
1925,K7460,f1020,,K7030,,
1926,F0390,F22,,F0392,,
1927,F03C0,F22,,F03C2,,
1928,F259,F319,,F250,,
1929,F0390,F32A,,F0393,,
1930,F03A0,F32A,,F03A3,,
1931,F03B0,F32A,,F03B3,,
1932,F03C0,F32A,,F03C3,,
1933,F1320,F32A,,F1324,,
1934,F1110,F32A,,F1114,,
1935,F1190,F32A,,F1194,,
1936,F432,F419,,F4322,,
1937,F0390,F419,,F0284,,
1938,F0390,F419,,F0394,,
1939,F1210,F419,,F12180,,
1940,F03A0,F419,,F03A4,,
1941,F03B0,F419,,F03A4,,
1942,F1020,F419,,F10280,,
1943,F1320,F419,,F13280,,
1944,F1310,F419,,F13180,,
1945,E119,G629,,E0842,,
1946,E109,G629,,E1042,,
1947,E109,G718,,E1044,,
1948,E119,G718,,E1344,,
1949,M3300,G729,,M3302,,
1950,M069,G729,,M0540,,
1951,M3500,G729,,M3503,,
1952,M349,G729,,M3482,,
1953,I639,G8190,,I69354,,
1954,I639,G8190,,I69351,,
1955,I639,G8190,,I69352,,
1956,I609,G8190,,I69051,,
1957,I609,G8190,,I69052,,
1958,I639,G8320,,I69349,,
1959,I639,G8320,,I69332,,
1960,I639,G8320,,I69344,,
1961,I619,G8320,,I69139,,
1962,I609,G8320,,I69039,,
1963,E109,G909,,E1043,,
1964,E119,G909,,E1143,,
1965,Q059,G919,,Q054,,
1966,E109,H259,,E1036,,
1967,E139,H259,,E1336,,
1968,E139,H259,,E0836,,
1969,E139,H259,,E0936,,
1970,E109,H33001,,E103541,,
1971,E139,H33001,,E083541,,
1972,E139,H33001,,E093541,,
1973,E109,H33002,,E103542,,
1974,E119,H33002,,E113542,,
1975,E139,H33002,,E133542,,
1976,E109,H33003,,E103543,,
1977,E119,H33003,,E113543,,
1978,E119,H33009,,E113549,,
1979,E139,H33009,,E093549,,
1980,E109,H3340,,E103539,,
1981,E119,H3340,,E133539,,
1982,E119,H3341,,E113531,,
1983,E119,H3342,,E113522,,
1984,E139,H3342,,E133522,,
1985,E109,H3342,,E103532,,
1986,E119,H3342,,E113532,,
1987,E109,H3343,,E103533,,
1988,E119,H3343,,E113533,,
1989,E109,H3500,,E103213,,
1990,E119,H3500,,E113213,,
1991,E119,H3500,,E133213,,
1992,E139,H3500,,E133213,,
1993,E109,H3500,,E103212,,
1994,E119,H3500,,E083212,,
1995,E119,H3500,,E113212,,
1996,E109,H3500,,E103211,,
1997,E119,H3500,,E133211,,
1998,E139,H3500,,E093211,,
1999,E109,H3500,,E103219,,
2000,E139,H3500,,E093219,,
2001,E119,H3500,,E133292,,
2002,E139,H3500,,E133292,,
2003,E119,H3500,,E113219,,
2004,E109,H3500,,E103313,,
2005,E119,H3500,,E113313,,
2006,E119,H3500,,E083313,,
2007,E109,H3500,,E103312,,
2008,E119,H3500,,E113311,,
2009,E109,H3500,,E103319,,
2010,E119,H3500,,E113319,,
2011,E119,H3500,,E083319,,
2012,E109,H3500,,E103393,,
2013,E119,H3500,,E113393,,
2014,E109,H3500,,E103392,,
2015,E119,H3500,,E113392,,
2016,E109,H3500,,E103391,,
2017,E139,H3500,,E093391,,
2018,E109,H3500,,E103399,,
2019,E119,H3500,,E113399,,
2020,E139,H3500,,E093399,,
2021,E119,H3500,,E133319,,
2022,E119,H3520,,E113519,,
2023,E139,H3520,,E093519,,
2024,E109,H3520,,E103599,,
2025,E119,H3520,,E113599,,
2026,E109,H3521,,E103511,,
2027,E119,H3521,,E113511,,
2028,E139,H3521,,E083511,,
2029,E139,H3521,,E093511,,
2030,E109,H3521,,E103591,,
2031,E119,H3521,,E113591,,
2032,E109,H3522,,E103512,,
2033,E119,H3522,,E113512,,
2034,E109,H3522,,E103592,,
2035,E119,H3522,,E133552,,
2036,E139,H3522,,E133552,,
2037,E109,H3523,,E103513,,
2038,E119,H3523,,E113513,,
2039,E109,H3523,,E103593,,
2040,E119,H3523,,E113593,,
2041,E119,H3523,,E133593,,
2042,E109,H3581,,E1037X3,,
2043,E109,H3581,,E1037X2,,
2044,E119,H3581,,E1137X2,,
2045,E109,H3581,,E1037X1,,
2046,E119,H3581,,E1337X3,,
2047,E139,H3581,,E0937X3,,
2048,E119,H3581,,E1137X1,,
2049,E119,H3581,,E1337X9,,
2050,E139,H3581,,E0837X9,,
2051,E139,H3581,,E1337X9,,
2052,E119,H3581,,E1137X3,,
2053,E099,I10,,E0959,,
2054,E139,I10,,E1359,,
2055,I10,I160,,I160,,
2056,I2510,I200,,I25110,,
2057,I25810,I200,,I25701,,
2058,I25811,I200,,I25750,,
2059,I25812,I200,,I25760,,
2060,I2510,I201,,I25111,,
2061,I25810,I201,,I25702,,
2062,I25810,I201,,I25731,,
2063,I25811,I201,,I25751,,
2064,I25812,I201,,I25761,,
2065,I2510,I202,,I25112,,
2066,I25810,I202,,I25792,,
2067,I25810,I202,,I25722,,
2068,I2510,I2089,,I25118,,
2069,I25810,I2089,,I25718,,
2070,I25810,I2089,,I25798,,
2071,I25810,I2089,,I25709,,
2072,I25810,I2089,,I25728,,
2073,I25810,I209,,I25729,,
2074,I25810,I209,,I25719,,
2075,I25811,I209,,I25759,,
2076,I10,I429,,i119,,
2077,I10,I501,,I110,,
2078,I10,I5030,,I110,,
2079,I10,I50813,,I110,,
2080,I639,I6340,,I63419,,
2081,I639,I6529,,I63139,,
2082,I70209,I739,,I70219,,
2083,E109,I739,,E1052,,
2084,E109,I739,,E1051,,
2085,E139,I739,,E1351,,
2086,E139,I739,,E0851,,
2087,E139,I739,,E0951,,
2088,I70209,I96,,I70269,,
2089,K5090,K630,,K50014,,
2090,E119,L309,,e11620,,
2091,E109,L309,,E10620,,
2092,E109,L97519,,E10621,,
2093,E119,L97519,,E11621,,
2094,E139,L97519,,E13621,,
2095,I099,M069,,M0530,,
2096,M0540,M069,,M0540,,
2097,M0520,M069,,M0520,,
2098,E139,m129,,E08618,,
2099,E139,M129,,E13618,,
2100,E119,M1460,,E11610,,
2101,E119,M1460,,E13610,,
2102,E139,M1460,,E13610,,
2103,E139,M1460,,E09610,,
2104,M8000XA,M810,,M8000XA,,
2105,M3500,N12,,M3504,,
2106,N179,N170,,N170,,
2107,E139,N189,,E1322,,
2108,K831,N200,,K8050,,
2109,E119,N289,,e1129,,
2110,E099,N289,,E0921,,
2111,E139,N289,,E1321,,
2112,F12929,F12922,,F12922,,
2113,F10929,F10932,,F10932,,
2114,F1122,F11222,,F11222,,
2115,E109,K056,,E10630,,
2116,F1020,F0390,,F1027,,
2117,F1010,F29,,F10159,,
2118,F1320,F29,,F13259,,
2119,F1110,F29,,F11159,,
2120,F1190,F29,,F11959,,
2121,F1310,F29,,F13159,,
2122,F1210,F22,,F12150,,
2123,F1122,F22,,F11250,,
2124,F1290,F22,,F12951,,
2125,F1122,F22,,F11251,,
2126,I609,R1310,,I69091,,
2127,F0150,R451,,F01C11,,
2128,F0390,R451,,F03911,,
2129,F03A0,R451,,F03A11,,
2130,F03B0,R451,,F03B11,,
2131,F03C0,R451,,F03C11,,
2132,I609,R482,,I69090,,
2133,I8500,R58,,I8501,,
2134,E099,R739,,E0965,,
2135,E119,R739,,E1165,,
2136,E139,R739,,E1365,,
2137,M479,M541,,M4720,,
2138,A419,R6521,,R6521,,
2139,R6520,R6521,,R6521,,
2140,F0390,F03918,,F03918,,
2141,F1010,R37,,F10181,,
2142,F1122,R37,,F11281,,
2143,F1110,R37,,F11181,,
2144,F1020,G47,,F10282,,
2145,F10929,G47,,F10982,,
2146,F1320,G47,,F13282,,
2147,F1190,G47,,F11982,,
2148,F1310,G47,,F13182,,
2149,E0590,E0580,,E0580,,
2150,E0590,E041,,E0511,,
2151,E059,E049,,E0500,,
2152,E089,E0849,,E0949,,
2153,E099,E0921,,E0921,,
2154,E109,E113211,,E103211,,
2155,E119,E113211,,E113211,,
2156,E119,E113212,,E113212,,
2157,E109,E113212,,E103212,,
2158,E089,E113213,,E093213,,
2159,E109,E113213,,E103213,,
2160,E119,E113213,,E113213,,
2161,E139,E113291,,E133291,,
2162,E119,E113299,,E113299,,
2163,E109,E113311,,E103311,,
2164,E119,E113312,,E113312,,
2165,E109,E113312,,E103392,,
2166,E119,E113312,,E113392,,
2167,E089,E113313,,E093393,,
2168,E109,E113313,,E103313,,
2169,E119,E113313,,E113313,,
2170,E119,E113313,,E133313,,
2171,E089,E113319,,E093319,,
2172,E119,E113391,,E113391,,
2173,E119,E113393,,E113393,,
2174,E119,E113492,,E113492,,
2175,E109,E113511,,E103511,,
2176,E119,E113511,,E113511,,
2177,E109,E113512,,E103512,,
2178,E119,E113512,,E113512,,
2179,E089,E113513,,E093513,,
2180,E119,E113513,,E113513,,
2181,E089,E113513,,E083513,,
2182,E139,E113521,,E133521,,
2183,E119,E113521,,E113521,,
2184,E119,E113529,,E113529,,
2185,E109,E113531,,E103531,,
2186,E119,E113531,,E113531,,
2187,E119,E113532,,E113532,,
2188,E119,E113533,,E113533,,
2189,E119,E113533,,E133533,,
2190,E089,E113539,,E083539,,
2191,E089,E113539,,E093539,,
2192,E119,E113539,,E113539,,
2193,E109,E113541,,E103541,,
2194,E119,E113541,,E113541,,
2195,E109,E113542,,E103542,,
2196,E119,E113542,,E113542,,
2197,E089,E113543,,E093543,,
2198,E119,E113543,,E113543,,
2199,E109,E113591,,E103591,,
2200,E119,E113592,,E113592,,
2201,E119,E113592,,E133592,,
2202,E109,E113592,,E103592,,
2203,E119,E113593,,E113593,,
2204,E089,E113599,,E083599,,
2205,E089,E113599,,E093599,,
2206,E119,E113599,,E113599,,
2207,E119,E1143,,E1343,,
2208,E119,E1152,,E1152,,
2209,E089,E11610,,E08610,,
2210,E109,E119,,E1037X1,,
2211,E139,E1321,,E1321,,
2212,E139,E15,,E13641,,
2213,E089,E15,,E08641,,
2214,E089,E15,,E09641,,
2215,E089,E162,,E08649,,
2216,E099,E785,,E0969,,
2217,E139,E785,,E1369,,
2218,E109,E870,,E1001,,
2219,E089,E870,,E0801,,
2220,E119,E870,,E1100,,
2221,E119,E8729,,E0811,,
2222,E089,E8729,,E0810,,
2223,F1020,F10120,,F10220,,
2224,F1020,F10129,,F10229,,
2225,F03A0,F22,,F03A2,,
2226,F03B0,F22,,F03B2,,
2227,F11229,F32A,,F1124,,
2228,F0390,F32A,,F0283,,
2229,F1310,F32A,,F1314,,
2230,F1020,F39,,F1024,,
2231,F4320,F39,,f4321,,
2232,F03C0,F419,,F03C4,,
2233,F1010,F419,,F10180,,
2234,F1290,F419,,F12980,,
2235,F4320,F419,,F4322,,
2236,E139,G629,,E1340,,
2237,E109,G629,,E1043,,
2238,M059,G629,,M0550,,
2239,E119,G629,,E1141,,
2240,E089,G718,,E0844,,
2241,M3390,G729,,M3392,,
2242,I639,G8190,,I69359,,
2243,I607,G8310,,I69049,,
2244,I619,G8310,,I69149,,
2245,I639,G8320,,I69331,,
2246,I639,G8320,,I69343,,
2247,I639,G8323,,I69333,,
2248,M479,G959,,M4710,,
2249,H160,H20059,,H16031,,
2250,E109,H269,,E1036,,
2251,E089,H269,,E0836,,
2252,E139,H3500,,E13319,,
2253,E089,H3581,,E0837X3,,
2254,E089,H3581,,E0937X2,,
2255,E139,H3581,,E1337X3,,
2256,E089,H3581,,E0837X2,,
2257,E119,H3581,,E1337X2,,
2258,E119,H409,,E1139,,
2259,E109,H409,,E1039,,
2260,I25811,I200,,I25760,,
2261,I25810,I200,,I25730,,
2262,I25810,I201,,I25791,,
2263,I2510,I208,,I25118,,
2264,I25810,I208,,I25728,,
2265,I25811,I208,,I25758,,
2266,I25810,I209,,I25739,,
2267,I259,I209,,I25119,,
2268,I10,I508,,I110,,
2269,I639,I63442,,I63449,,
2270,E089,I739,,E0851,,
2271,E099,I739,,E0951,,
2272,I77810,I77811,,I77812,,
2273,Q8740,I77819,,Q87410,,
2274,E089,I998,,E0959,,
2275,E119,I998,,E1159,,
2276,J449,J22,,J440,,
2277,E119,K056,,E13630,,
2278,E089,K056,,E08630,,
2279,E119,K056,,E11630,,
2280,E089,K056,,E09630,,
2281,K5090,K56609,,K50112,,
2282,K589,K5900,,K581,,
2283,K5190,K630,,K51914,,
2284,E139,L309,,E13620,,
2285,E089,L309,,E08620,,
2286,E099,L309,,E09620,,
2287,E119,L97509,,E11621,,
2288,E109,L97509,,E10621,,
2289,E089,L97509,,E08621,,
2290,E109,L98499,,E10622,,
2291,E109,M129,,E10610,,
2292,I38,M329,,M3211,,
2293,E119,N059,,E1121,,
2294,E089,N189,,E0922,,
2295,E109,N189,,E1022,,
2296,I10,N289,,I151,,
2297,E109,N289,,E1021,,
2298,E089,N289,,E0821,,
2299,E089,E0849,,E0849,,
2300,E089,E0969,,E0969,,
2301,E099,E0952,,E0952,,
2302,E139,E1352,,E1352,,
2303,F0390,F03A18,,F03A18,,
2304,E089,E09628,,E09628,,
2305,E089,E09638,,E09638,,
2306,Z331,O99512,,O99512,,
2307,E089,E0869,,E0869,,
2308,E119,E1369,,E1369,,
2309,E089,E08638,,E08638,,
2310,J449,j441,,j441,,
2311,A419,A411,,A411,,
2312,F4000,F410,,F4001,,
2313,F11129,R448,,F11122,,
2314,F12129,R448,,F12122,,
2315,F1320,F1096,,F1326,,
2316,F1220,F29,,F12259,,
2317,F11229,F29,,F11259,,
2318,F11229,F10950,,F11250,,
2319,F1090,F10950,,F10950,,
2320,F1290,F10950,,F12950,,
2321,F1310,F13151,,F13151,,
2322,F1190,F11951,,F11951,,
2323,F1320,F13251,,F13251,,
2324,F1110,F11151,,F11151,,
2325,F319,F29,,F315,,
2326,J9610,R0689,,J9612,,
2327,F12929,R410,,F12921,,
2328,F11229,R410,,F11221,,
2329,F1323,R410,,F13231,,
2330,F10129,R410,,F10121,,
2331,F10939,R410,,F10931,,
2332,F0280,R451,,F02A11,,
2333,I2510,I25112,,I25112,,
2334,I25810,I202,,I25712,,
2335,I25810,I202,,I25708,,
2336,I10,I1A0,,I1A0,,
2337,E119,H3500,,E1137X2,,
2338,E109,H3500,,E10311,,
2339,E089,H3500,,E08319,,
2340,E089,H3500,,E09319,,
2341,E119,H3500,,E13319,,
2342,A419,A4153,,A4153,,
2343,E089,E083412,,E083412,,
2344,E119,E113411,,E113411,,
2345,E109,E103419,,E103419,,
2346,E119,E113419,,E113419,,
2347,E109,E103493,,E103493,,
2348,E119,E113493,,E113493,,
2349,E119,E133493,,E133493,,
2350,E089,E093493,,E093493,,
2351,E089,E083493,,E083493,,
2352,E089,E083492,,E083492,,
2353,E109,E103492,,E103492,,
2354,E089,E093492,,E093492,,
2355,E089,E093491,,E093491,,
2356,E109,E103491,,E103491,,
2357,E139,E133419,,E133419,,
2358,E109,E103499,,E103499,,
2359,E089,E083499,,E083499,,
2360,E089,E093499,,E093499,,
2361,E119,E113499,,E113499,,
2362,E119,E133499,,E133499,,
2363,F03B0,F03B18,,F03B18,,
2364,F03C0,F03C18,,F03C18,,
2365,F1020,F10281,,F10281,,
2366,F1090,F10981,,F10981,,
2367,F1190,F11981,,F11981,,
2368,F1310,F13181,,F13181,,
2369,F1320,F13281,,F13281,,
2370,E039,E0510,,E0510,,
2371,E119,E11622,,E11622,,
2372,F1020,F10282,,F10282,,
2373,F1090,F10982,,F10982,,
2374,F1190,F11982,,F11982,,
2375,F1010,F10182,,F10182,,
2376,F0150,F01518,,F01518,,
2377,E109,E103559,,E103559,,
2378,E119,E113559,,E113559,,
2379,E139,E133559,,E133559,,
2380,E0540,E0541,,E0541,,
2381,E059,E0510,,E0510,,
2382,I8390,I83029,,I83029,,
2383,E089,E088,,E088,,
2384,E139,E138,,E138,,
2385,E119,E11311,,E11311,,
2386,E109,E1037X2,,E1037X2,,
2387,E119,E11618,,E11618,,
2388,E059,E062,,E062,,
2389,F1020,F10230,,F10230,,
2390,E119,H3520,,E113553,,
2391,E099,M129,,E09618,,
2392,E119,H3500,,E113553,,
2393,F0390,F419,,F03A4,,
2394,E099,H3500,,E093293,,
2395,E119,H3500,,E113559,,
2396,E119,H3500,,E113552,,
2397,I639,G8320,,I69339,,
2398,E0590,Q892,,E0530,,
2399,E089,H3500,,E083293,,
2400,E089,L98499,,E08622,,
2401,E099,H3500,,E09319,,
2402,E099,H3500,,E093591,,
2403,E119,H3500,,E113492,,
2404,E119,H3500,,E113539,,
2405,E119,H3581,,E1137X9,,
2406,E139,H3500,,e133413,,
2407,E139,H3500,,E133542,,
2408,F1020,F29,,F10259,,
2409,F1110,G479,,F11182,,
2410,F1320,F29,,F13250,,
2411,I2510,I201,,I25751,,
2412,I639,I663,,I63449,,
2413,F0390,R451,,F03A11,,
2414,E089,H3500,,E093559,,
2415,E119,H3500,,E133312,,
2416,E089,H3500,,E08311,,
2417,A419,B951,,A401,,
2418,F1099,R37,,F10981,,
2419,E119,H3500,,E113419,,
2420,F1010,F062,,F10150,,
2421,E089,H3500,,E083311,,
2422,E089,H409,,E0839,,
2423,E099,H3500,,E093513,,
2424,E109,H3500,,E103411,,
2425,E109,H3500,,E103532,,
2426,E119,A5216,,E11610,,
2427,E119,H3500,,E113299,,
2428,E119,H3500,,E113499,,
2429,E139,H3500,,E133492,,
2430,F1320,F1326,,F1326,,
2431,I152,E119,,I152,,
2432,E089,H3500,,E093299,,
2433,k7030,R188,,K7031,,
2434,E099,H3500,,E093212,,
2435,E099,H3500,,E093499,,
2436,E099,L97509,,E09621,,
2437,E119,H3500,,E113293,,
2438,E119,H3500,,E113493,,
2439,E139,H3500,,E13311,,
2440,E139,H3500,,E133419,,
2441,L409,M129,,L4050,,
2442,e139,H3500,,E133522,,
2443,f1020,f319,,F1024,,
2444,E119,H3500,,E113523,,
2445,E099,k056,,E09630,,
2446,E119,H3500,,E133399,,
2447,e0590,e062,,E062,,
2448,E119,H3500,,E113391,,
2449,i2510,i209,,I25769,,
2450,i2510,i208,,I25709,,
2451,E099,e8729,,E0911,,
2452,f13139,r410,,F13131,,
2453,i639,i650,,I63219,,
2454,I10,i5082,,I110,,
2455,F0150,R451,,F01511,,
2456,F13239,R410,,F13231,,
2457,F1210,F060,,F12151,,
2458,E119,H3500,,E133492,,
2459,E119,E8729,,E0810,,
2460,F1120,F32A,,F1124,,
2461,F1020,F060,,F10251,,
2462,E089,H3341,,E083531,,
2463,F1120,F29,,F11259,,
2464,F1290,F062,,F12950,,
2465,F1320,R37,,F13281,,
2466,E139,H3500,,e133513,,
2467,k766,i8500,,I8510,,
2468,e0590,e0500,,E0520,,
2469,f1290,f29,,F12959,,
2470,E119,e113292,,E113292,,
2471,i10,N189,,I1310,,
2472,E119,e11319,,E11319,,
2473,m316,m353,,M315,,
2474,A419,B953,,A403,,
2475,E089,H3500,,E083591,,
2476,E099,N189,,E0922,,
2477,E119,e113413,,E113413,,
2478,E139,e11339,,E133392,,
2479,E139,e113532,,E133532,,
2480,f1310,r37,,F13181,,
2481,I10,n186,,I132,,
2482,F1210,F29,,F12159,,
2483,F1110,F29,,F11150,,
2484,E099,H3500,,E093529,,
2485,E109,E870,,E1069,,
2486,E119,I10,,E1359,,
2487,A419,B9620,,A4151,,
2488,E099,L98499,,E09622,,
2489,F1320,F1996,,F1326,,
2490,J449,J209,,J440,,
2491,E119,E113293,,E113293,,
2492,I25810,I200,,I25790,,
2493,I25729,I202,,I25722,,
2494,E089,M1460,,E08610,,
2495,E139,G609,,E1340,,
2496,F11129,R410,,F11921,,
2497,E099,H3500,,E093419,,
2498,E109,L97909,,E10621,,
2499,F1010,G479,,F10182,,
2500,F4320,F32A,,F4321,,
2501,M3320,G729,,M3322,,
2502,I8390,L97929,,I83029,,
2503,E119,H3500,,E13311,,
2504,E139,G909,,e1343,,
2505,E139,M869,,E1369,,
2506,I609,G8310,,I69049,,
2507,F1220,F12222,,F12222,,
2508,I10,I150,,I150,,
2509,A419,T827,,T827,,
2510,M1990,M0080,,M0080,,
2511,I209,I201,,I201,,
2512,E0580,E0581,,E0581,,
2513,E099,E09628,,E09628,,
2514,E109,E1039,,E1039,,
2515,F10239,F10232,,F10232,,
2516,E089,E0937X3,,E0937X3,,
2517,F1010,F1014,,F1014,,
2518,E119,E1137X2,,E1137X2,,
2519,I10,i119,,i119,,
2520,A419,A4150,,A4150,,
2521,E089,E08628,,E08628,,
2522,E109,E103529,,E103529,,
2523,E109,E1037X9,,E1037X9,,
2524,E119,E11630,,E11630,,
2525,E139,E133542,,E133542,,
2526,f1220,F12250,,F12250,,
2527,E099,E08628,,E08628,,
2528,E119,E113523,,E113523,,
2529,E109,E103313,,E103313,,
2530,E109,E103522,,E103522,,
2531,E109,E103593,,E103593,,
2532,E109,E1049,,E1049,,
2533,i70209,I70229,,I70229,,
2534,E099,E0941,,E0941,,
2535,E109,E103549,,E103549,,
2536,E119,E113551,,E113551,,
2537,A419,T8579,,T8579,,
2538,E099,E093542,,E093542,,
2539,E139,E133492,,E133492,,
2540,E109,E103393,,E103393,,
2541,E119,E133531,,E133531,,
2542,E0590,E0590,,E0590,,
2543,E099,E0937X1,,E0937X1,,
2544,E109,E10311,,E10311,,
2545,E109,E103412,,E103412,,
2546,E109,E103533,,E103533,,
2547,E119,E1129,,E1129,,
2548,E119,E113553,,E113553,,
2549,e0590,E0531,,E0531,,
2550,E119,E1110,,E1110,,
2551,E099,E0900,,E0900,,
2552,E089,E0859,,E0859,,
2553,E119,E118,,E118,,
2554,f12129,F12122,,F12122,,
2555,E099,E098,,E098,,
2556,E139,E1349,,E1349,,
2557,F0390,F03911,,F03911,,
2558,F1010,F10121,,F10121,,
2559,A419,A4102,,A4102,,
2560,E109,E1011,,E1011,,
2561,E139,E1301,,E1301,,
2562,E119,E1337X2,,E1337X2,,
2563,E139,E1329,,E1329,,
2564,A419,B957,,A411,,
2565,A419,B9689,,A4150,,
2566,A419,B965,,A4152,,
2567,A419,A429,,A427,,
2568,D649,D75A,,D550,,
2569,E0590,E040,,E0500,,
2570,E0590,E040,,E0501,,
2571,E089,E870,,E0800,,
2572,E089,E8729,,E0811,,
2573,E089,N189,,E0822,,
2574,E089,E0829,,E0829,,
2575,E089,E083213,,E083213,,
2576,E089,E083219,,E083219,,
2577,E089,E083291,,E083291,,
2578,E089,E083292,,E083292,,
2579,E089,E083293,,E083293,,
2580,E089,E083299,,E083299,,
2581,E089,E083311,,E083311,,
2582,E089,E083391,,E083391,,
2583,E089,E083393,,E083393,,
2584,E089,E083399,,E083399,,
2585,E089,E083411,,E083411,,
2586,E089,E083413,,E083413,,
2587,E089,E083419,,E083419,,
2588,E089,E083491,,E083491,,
2589,E089,E083519,,E083519,,
2590,e089,H3341,,E083521,,
2591,E089,E083551,,E083551,,
2592,E089,E083552,,E083552,,
2593,E089,E083553,,E083553,,
2594,E089,E083559,,E083559,,
2595,E089,E083593,,E083593,,
2596,E089,E0837X9,,E0837X9,,
2597,E089,E0839,,E0839,,
2598,E089,G589,,E0841,,
2599,E089,G629,,E0842,,
2600,E089,G909,,E0843,,
2601,E099,E8729,,E0910,,
2602,E099,E0929,,E0929,,
2603,E099,E093291,,E093291,,
2604,E099,E093311,,E093311,,
2605,E099,E093312,,E093312,,
2606,E099,E093313,,E093313,,
2607,E099,E093319,,E093319,,
2608,E099,E093492,,E093492,,
2609,E099,E093493,,E093493,,
2610,E099,H3341,,E093531,,
2611,E099,H3343,,E093533,,
2612,E09,H3340,,E093539,,
2613,E099,E093593,,E093593,,
2614,E099,E0937X2,,E0937X2,,
2615,E099,G629,,E0940,,
2616,E099,G589,,E0941,,
2617,E099,G629,,E0942,,
2618,E099,K3184,,E0943,,
2619,E099,I96,,E0952,,
2620,E099,E09638,,E09638,,
2621,E099,E162,,E09641,,
2622,E099,E162,,E09649,,
2623,E099,M869,,E0969,,
2624,E109,E103212,,E103212,,
2625,E109,E103213,,E103213,,
2626,E109,E10329,,E10329,,
2627,E109,E103292,,E103292,,
2628,E109,E103293,,E103293,,
2629,E109,E103299,,E103299,,
2630,E109,E103391,,E103391,,
2631,E109,E103392,,E103392,,
2632,E109,E103413,,E103413,,
2633,E109,E103511,,E103511,,
2634,E109,E103512,,E103512,,
2635,E109,E103513,,E103513,,
2636,E109,H3343,,E103523,,
2637,E109,E103551,,E103551,,
2638,E109,E103552,,E103552,,
2639,E109,E103553,,E103553,,
2640,E109,E103591,,E103591,,
2641,E109,E1037X1,,E1037X1,,
2642,E109,G589,,E1041,,
2643,E109,M1460,,E10610,,
2644,E109,E108,,E108,,
2645,E119,E113219,,E113219,,
2646,E119,E113319,,E113319,,
2647,E119,E113399,,E113399,,
2648,E119,E113412,,E113412,,
2649,E119,E113519,,E113519,,
2650,E119,H3343,,E113523,,
2651,E119,E113591,,E113591,,
2652,E139,E870,,E1300,,
2653,E139,E133211,,E133211,,
2654,E139,E133213,,E133213,,
2655,E139,E133299,,E133299,,
2656,E139,E133312,,E133312,,
2657,E139,E133391,,E133391,,
2658,E139,E133399,,E133399,,
2659,E139,E133511,,E133511,,
2660,E139,E133512,,E133512,,
2661,E139,E133519,,E133519,,
2662,E139,H3349,,E133529,,
2663,E139,H3342,,E133532,,
2664,E139,E133591,,E133591,,
2665,E139,E133592,,E133592,,
2666,E119,E133592,,E133592,,
2667,E139,E133599,,E133599,,
2668,E139,H269,,E1336,,
2669,E139,H409,,E1339,,
2670,E119,G589,,E1341,,
2671,E139,L97509,,E13621,,
2672,E119,L98499,,E13622,,
2673,E119,E13628,,E13628,,
2674,F0150,R451,,F01B11,,
2675,F03A0,G479,,F03A18,,
2676,F03B0,G479,,F03B18,,
2677,F1010,F060,,F10151,,
2678,F1020,F10229,,F10229,,
2679,F1099,f3130,,F1094,,
2680,F1099,F29,,F10959,,
2681,F1099,F1096,,F1096,,
2682,F1099,F0390,,F1097,,
2683,F11129,F11122,,F11122,,
2684,F1110,F062,,F11150,,
2685,F1120,G479,,F11282,,
2686,F1190,F29,,F11950,,
2687,F1190,f060,,F11951,,
2688,F1190,R37,,F11981,,
2689,f1220,F060,,F12251,,
2690,F13139,F13132,,F13132,,
2691,F1310,F060,,F13151,,
2692,F1320,G479,,F13282,,
2693,F32A,F419,,F341,,
2694,F410,F4000,,F4001,,
2695,H4010X0,H268,,h401420,,
2696,I10,I5083,,I110,,
2697,I152,E1159,,I152,,
2698,I25810,I201,,I25711,,
2699,I25810,i200,,I25720,,
2700,I2510,I208,,I25768,,
2701,i25810,i208,,I25798,,
2702,I25810,I209,,I25799,,
2703,I629,G8190,,I69259,,
2704,I7140,I7120,,I7160,,
2705,I8500,K709,,I8510,,
2706,J189,B9620,,J155,,
2707,K219,K2091,,K2101,,
2708,K5090,L988,,K50013,,
2709,I319,M329,,M3212,,
2710,N12,M329,,M3215,,
2711,M879,M8720,,M8720,,
2712,E119,E11610,,E11610,,
2713,E109,E1044,,E1044,,
2714,I10,N185,,I1311,,
2715,E139,E1310,,E1310,,
2716,I6930,I69331,,I69331,,
2717,E119,E1111,,E1111,,
2718,E139,E133313,,E133313,,
2719,E139,E133493,,E133493,,
2720,E139,E133533,,E133533,,
2721,E089,E083312,,E083312,,
2722,E089,E083532,,E083532,,
2723,E089,E083592,,E083592,,
2724,E089,E0843,,E0843,,
2725,E089,E08630,,E08630,,
2726,E089,E0929,,E0929,,
2727,E089,E093312,,E093312,,
2728,E089,E093532,,E093532,,
2729,E089,E093592,,E093592,,
2730,E089,E0943,,E0943,,
2731,I2572,I25721,,I25721,,
2732,I2575,I25758,,I25758,,
2733,E059,E0500,,E0500,,
2734,F0390,F03C3,,F03C3,,
2735,F1099,F419,,F10980,,
2736,F1190,F11959,,F11959,,
2737,F1220,F12251,,F12251,,
2738,F1310,F13150,,F13150,,
2739,I10,I130,,I130,,
2740,I2573,I25732,,I25732,,
2741,I2576,I25769,,I25769,,
2742,F1120,F11221,,F11221,,
2743,F1310,F1314,,F1314,,
2744,E119,E083212,,E083212,,
2745,E089,E083392,,E083392,,
2746,E089,E083512,,E083512,,
2747,E089,E083542,,E083542,,
2748,E089,E0837X1,,E0837X1,,
2749,E089,E0852,,E0852,,
2750,E089,E0865,,E0865,,
2751,E089,E093211,,E093211,,
2752,E089,E093391,,E093391,,
2753,E089,E093511,,E093511,,
2754,E089,E093541,,E093541,,
2755,E089,E0951,,E0951,,
2756,E089,E09649,,E09649,,
2757,E109,E103211,,E103211,,
2758,E109,E103319,,E103319,,
2759,E109,E103539,,E103539,,
2760,E109,E103599,,E103599,,
2761,E109,E10641,,E10641,,
2762,E119,E1151,,E113599,,
2763,E119,E1337X1,,E1337X1,,
2764,E119,E1352,,E1352,,
2765,E119,E1143,,E1143,,
2766,E119,E11321,,E11321,,
2767,E059,E0531,,E0531,,
2768,E119,E083299,,E083299,,
2769,E119,E1329,,E1329,,
2770,E119,E133311,,E133311,,
2771,E139,E133513,,E133513,,
2772,E139,E133543,,E133543,,
2773,E139,E1337X1,,E1337X1,,
2774,A419,A4101,,A4101,,
2775,E059,E0590,,E0590,,
2776,E109,E103523,,E103523,,
2777,E109,E1040,,E1040,,
2778,E109,E10621,,E10621,,
2779,E139,E133292,,E133292,,
2780,E139,E133412,,E133412,,
2781,E139,E133552,,E133552,,
2782,E139,E1339,,E1339,,
2783,E139,E13620,,E13620,,
2784,F0280,F419,,F0284,,
2785,F0390,F03A11,,F03A11,,
2786,F1120,F11250,,F11250,,
2787,I10,I151,,I151,,
2788,E119,E0829,,E0829,,
2789,E089,E093311,,E093311,,
2790,E089,E093531,,E093531,,
2791,E089,E093591,,E093591,,
2792,E089,E0942,,E0942,,
2793,E109,E103311,,E103311,,
2794,E109,E1041,,E1041,,
2795,E109,E10622,,E10622,,
2796,I10,I1310,,I1310,,
2797,I10,N186,,I110,,
2798,F4000,F4001,,f4001,,
2799,E119,E083391,,E083391,,
2800,E109,E10319,,E10319,,
2801,F1020,G479,,F10282,,
2802,E119,E0822,,E0822,,
2803,E119,E083311,,E083311,,
2804,E089,E093419,,E093419,,
2805,E089,E093529,,E093529,,
2806,E089,E093559,,E093559,,
2807,E089,E0941,,E0941,,
2808,E089,E09622,,E09622,,
2809,E119,E1342,,E1342,,
2810,E119,E1165,,E1165,,
2811,E119,E113293,,E1111,,
2812,E119,E113593,,E1142,,
2813,E119,E1144,,E1144,,
2814,E119,E1137X3,,E1137X3,,
2815,E119,E11620,,E11620,,
2816,E119,E1140,,E1140,,
2817,J969,J9602,,J9602,,
2818,E119,E1141,,E1141,,
2819,I6930,I69339,,I69339,,
2820,K703,K7031,,K7031,,
2821,M0510,M069,,M0510,,
2822,E089,E08622,,E08622,,
2823,E089,E162,,E08641,,
2824,E099,G718,,E0944,,
2825,E099,H269,,E0936,,
2826,E109,I10,,E1059,,
2827,E089,I96,,E0852,,
2828,E099,M1460,,E09610,,
2829,E119,N189,,E0822,,
2830,D464,D461,,D461,,
2831,E119,E08319,,E08319,,
2832,E089,E083212,,E083212,,
2833,E119,E083292,,E083292,,
2834,E119,E083313,,E083313,,
2835,E119,E083319,,E083319,,
2836,E089,E083511,,E083511,,
2837,E089,E083513,,E083513,,
2838,E089,E083521,,E083521,,
2839,E089,E083522,,E083522,,
2840,E089,E083529,,E083529,,
2841,E089,E083539,,E083539,,
2842,E089,E083543,,E083543,,
2843,E089,E083599,,E083599,,
2844,E089,E0837X2,,E0837X2,,
2845,E099,E09311,,E09311,,
2846,E099,E09319,,E09319,,
2847,E099,E093211,,E093211,,
2848,E099,E093212,,E093212,,
2849,E099,E093219,,E093219,,
2850,E099,E093293,,E093293,,
2851,E099,E093391,,E093391,,
2852,E099,E093392,,E093392,,
2853,E099,E093399,,E093399,,
2854,E099,E093411,,E093411,,
2855,E099,E093413,,E093413,,
2856,E099,E093499,,E093499,,
2857,E099,E093511,,E093511,,
2858,E099,E093512,,E093512,,
2859,E099,E093519,,E093519,,
2860,E099,E093521,,E093521,,
2861,E099,E093523,,E093523,,
2862,E099,E093533,,E093533,,
2863,E099,E093539,,E093539,,
2864,E099,E093541,,E093541,,
2865,E099,E093549,,E093549,,
2866,E099,E093551,,E093551,,
2867,E099,E093553,,E093553,,
2868,E099,E093599,,E093599,,
2869,E099,E0937X3,,E0937X3,,
2870,E099,E0937X9,,E0937X9,,
2871,E099,E0949,,E0949,,
2872,E109,E103219,,E103219,,
2873,E109,E103291,,E103291,,
2874,E109,E103399,,E103399,,
2875,E109,E103411,,E103411,,
2876,E109,E103519,,E103519,,
2877,E109,E103521,,E103521,,
2878,E109,E103532,,E103532,,
2879,E109,E103541,,E103541,,
2880,E109,E103542,,E103542,,
2881,E109,E103543,,E103543,,
2882,E109,E103592,,E103592,,
2883,E109,E1037X3,,E1037X3,,
2884,E119,E11329,,E11329,,
2885,E119,E113291,,E113291,,
2886,E119,E113392,,E113392,,
2887,E119,E113549,,E113549,,
2888,E119,E1137X1,,E1137X1,,
2889,E119,E1137X9,,E1137X9,,
2890,E089,R739,,E0865,,
2891,E119,E15,,E11641,,
2892,E139,E133212,,E133212,,
2893,E139,E133219,,E133219,,
2894,E139,E133293,,E133293,,
2895,E139,E133392,,E133392,,
2896,E139,E133393,,E133393,,
2897,E139,E133413,,E133413,,
2898,E139,H3343,,E133523,,
2899,E139,H33001,,E133541,,
2900,E139,H33003,,E133543,,
2901,E139,E133553,,E133553,,
2902,E139,H3581,,E1337X1,,
2903,E139,I96,,E1352,,
2904,E139,K056,,E13630,,
2905,F10139,F10232,,F10132,,
2906,F1020,R410,,F10221,,
2907,F10929,R410,,F10921,,
2908,F1090,F1096,,F1096,,
2909,F11129,R410,,F11121,,
2910,F1120,F29,,F11251,,
2911,F12129,R410,,F12121,,
2912,F1210,F29,,F12151,,
2913,F12220,F12222,,F12222,,
2914,F1292,F12922,,F12922,,
2915,F1320,R410,,F13221,,
2916,F1320,F329,,F1324,,
2917,F1320,F062,,F13250,,
2918,F444,R569,,F445,,
2919,I10,I5089,,I110,,
2920,I2510,I209,,I25110,,
2921,I2010,I202,,I25112,,
2922,I2010,I209,,I25119,,
2923,I25811,I202,,I25752,,
2924,I25812,I202,,I25762,,
2925,I70209,I70209,,I70229,,
2926,I714,I712,,I7160,,
2927,K709,I8500,,I8510,,
2928,I8500,K7460,,I8510,,
2929,K5100,L988,,K51013,,
2930,K589,R197,,K580,,
2931,M069,I519,,M0530,,
2932,M349,G629,,M3483,,
2933,M5090,M5000,,M5000,,
2934,Z941,Z942,,Z943,,
2935,E089,E083533,,E083533,,
2936,E089,E083531,,E083531,,
2937,E089,E083591,,E083591,,
2938,E119,E08311,,E08311,,
2939,E099,E093292,,E093292,,
2940,E099,E093299,,E093299,,
2941,E099,E0939,,E0939,,
2942,E099,E093522,,E093522,,
2943,E099,E093529,,E093529,,
2944,E099,E093412,,E093412,,
2945,E099,E093419,,E093419,,
2946,E099,E093552,,E093552,,
2947,E099,E093559,,E093559,,
2948,M879,M87179,,M87179,,
2949,e139,E133541,,E133541,,
2950,e139,E133549,,E133549,,
2951,E139,E133523,,E133523,,
2952,E109,E103312,,E103312,,
2953,E109,E103531,,E103531,,
2954,E119,E113522,,E113522,,
2955,E119,E113491,,E113491,,
2956,E119,E113552,,E113552,,
2957,f1010,f319,,F1014,,
2958,f10129,f05,,F10121,,
2959,F1099,f1996,,F1096,,
2960,f1099,f062,,F10950,,
2961,F12220,F05,,F12221,,
2962,N03,N056,,N036,,
2963,E099,G990,,E0943,,
2964,n08,m329,,M3214,,
2965,I10,n189,,II29,,
2966,F11221,f1922,,F11222,,
2967,F11221,f29,,F11259,,
2968,F1190,F329,,F1194,,
2969,f1190,f062,,F11950,,
2970,E139,G718,,E1344,,
2971,F1310,F062,,F13150,,
2972,A419,b9689,,A414,,
2973,A419,b9562,,A4102,,
2974,e0590,e0520,,E0521,,
2975,e0590,e049,,E0590,,
2976,E109,G990,,E1043,,
2977,E109,M869,,E1069,,
2978,E119,G990,,E1143,,
2979,E119,l97909,,E11621,,
2980,E119,E159,,E11641,,
2981,k5190,k5660,,k51912,,
2982,f03a1,f419,,F03A4,,
2983,f0150,f419,,F01A4,,
2984,E119,H3500,,E113211,,
2985,E109,H3500,,e103413,,
2986,E119,H3500,,E113491,,
2987,E119,H3521,,E113531,,
2988,E109,G545,,E1044,,
2989,F11129,F32A,,F1124,,
2990,I25719,I201,,I25711,,
2991,I25739,I208,,I25738,,
2992,F11129,F11222,,F11222,,
2993,F1220,F062,,F12251,,
2994,E089,H35012,,E093212,,
2995,E109,H3521,,E103541,,
2996,E119,H3521,,E113541,,
2997,E119,H2510,,E1136,,
2998,E119,H3500,,E133219,,
2999,G309,F0280,,G309,,
3000,E139,H3500,,E133219,,
3001,E139,H3500,,E133399,,
3002,E139,H3520,,E133519,,
3003,E139,H3520,,E133549,,
3004,E109,H3500,,E103499,,
3005,F03A1,F03A3,,F03A3,,
3006,E119,H3500,,E113312,,
3007,E119,H3522,,E133532,,
3008,E119,H3522,,E133592,,
3009,E0540,E0540,,E0540,,
3010,F0390,R451,,F03C11,,
3011,E119,H3500,,E083311,,
3012,E109,H3500,,E103299,,
3013,E139,E1369,,E1369,,
3014,E0590,E0501,,E0501,,
3015,E0590,E0591,,E0591,,
3016,E109,H3500,,E103419,,
3017,E109,H3520,,E103529,,
3018,E109,H3520,,E103559,,
3019,E119,H3522,,E113542,,
3020,E119,H3500,,E1137X1,,
3021,F03A1,F03A2,,F03A18,,
3022,F1112,R410,,F11121,,
3023,F11129,F060,,F11251,,
3024,G3281,g113,,g113,,
3025,E119,E0843,,E1143,,
3026,I10,N289,,I150,,
3027,K5190,K51912,,K51912,,
3028,F0390,F0390,,f0394,,
3029,E119,E1101,,E1101,,
3030,E119,E11641,,E11641,,
3031,G47419,G47411,,g47411,,
3032,I25769,I201,,I25761,,
3033,I639,I669,,I6330,,
3034,E109,M1467,,E10610,,
3035,E139,E1337X2,,E1337X2,,
3036,E139,E133529,,E133529,,
3037,E109,E10618,,E10618,,
3038,f1323,F059,,F13231,,
3039,E139,E13311,,E13311,,
3040,F11129,F059,,F11921,,
3041,I10,I517,,I110,,
3042,E119,G609,,E1140,,
3043,E119,E1100,,E1100,,
3044,E089,E083211,,E083211,,
3045,E089,G609,,E0840,,
3046,E089,E0842,,E0842,,
3047,F0390,R451,,F03B11,,
3048,I2510,I202,,I25752,,
3049,I2510,I209,,I25799,,
3050,F0390,F03B11,,F03B11,,
3051,F1020,F1024,,F1024,,
3052,F1190,F11921,,F11921,,
3053,F1210,F12159,,F12159,,
3054,F1320,F13231,,F13231,,
3055,I639,I69332,,I69332,,
3056,I639,I69354,,I69354,,
3057,K7150,K7151,,K7151,,
3058,I7090,I739,,I70211,,
3059,A419,A427,,A427,,
3060,A419,A4152,,A4152,,
3061,E059,E0540,,E0540,,
3062,E089,E0822,,E0822,,
3063,E099,E09622,,E09622,,
3064,E109,E1022,,E1022,,
3065,E139,E133532,,E133532,,
3066,E139,E1342,,E1342,,
3067,F1010,F10151,,F10151,,
3068,F1020,F10259,,F10259,,
3069,F1110,F11182,,F11182,,
3070,F1190,F11950,,F11950,,
3071,F1310,F13132,,F13132,,
3072,F1320,F13250,,F13250,,
3073,I639,I69339,,I69339,,
3074,I2510,I209,,I25719,,
3075,I2510,I2089,,I25798,,
3076,E089,E08618,,E08618,,
3077,E099,E09610,,E09610,,
3078,E089,E09311,,E09311,,
3079,E089,E093313,,E093313,,
3080,E089,E093533,,E093533,,
3081,E089,E093593,,E093593,,
3082,E089,E0944,,E0944,,
3083,E089,E093392,,E093392,,
3084,E089,E093512,,E093512,,
3085,E089,E093542,,E093542,,
3086,E089,E0937X1,,E0937X1,,
3087,E089,E0952,,E0952,,
3088,E089,E0965,,E0965,,
3089,E119,E8301,,E1121,,
3090,E119,N045,,E1121,,
3091,E119,N049,,E1121,,
3092,E119,R801,,E1121,,
3093,E119,N259,,E1129,,
3094,E119,F5221,,E1140,,
3095,E119,G628,,E1143,,
3096,E119,E43,,E1169,,
3097,E119,E7800,,E1169,,
3098,E119,E781,,E1169,,
3099,E119,E782,,E1169,,
3100,E119,E8729,,E1169,,
3101,E119,N259,,E1169,,
3102,I10,I514,,I119,,
3103,I10,I517,,I119,,
3104,I10,I5181,,I119,,
3105,I10,I5189,,I119,,
3106,I10,I5020,N181,I130,,
3107,I10,I5020,N182,I130,,
3108,I10,I5020,N1830,I130,,
3109,I10,I5020,N1831,I130,,
3110,I10,I5020,N1832,I130,,
3111,I10,I5020,N184,I130,,
3112,I10,I5020,N189,I130,,
3113,I10,I5021,N181,I130,,
3114,I10,I5021,N182,I130,,
3115,I10,I5021,N1830,I130,,
3116,I10,I5021,N1831,I130,,
3117,I10,I5021,N1832,I130,,
3118,I10,I5021,N184,I130,,
3119,I10,I5021,N189,I130,,
3120,I10,I5022,N181,I130,,
3121,I10,I5022,N182,I130,,
3122,I10,I5022,N1830,I130,,
3123,I10,I5022,N1831,I130,,
3124,I10,I5022,N1832,I130,,
3125,I10,I5022,N184,I130,,
3126,I10,I5022,N189,I130,,
3127,I10,I5023,N181,I130,,
3128,I10,I5023,N182,I130,,
3129,I10,I5023,N1830,I130,,
3130,I10,I5023,N1831,I130,,
3131,I10,I5023,N1832,I130,,
3132,I10,I5023,N184,I130,,
3133,I10,I5023,N189,I130,,
3134,I10,I5030,N181,I130,,
3135,I10,I5030,N182,I130,,
3136,I10,I5030,N1830,I130,,
3137,I10,I5030,N1831,I130,,
3138,I10,I5030,N1832,I130,,
3139,I10,I5030,N184,I130,,
3140,I10,I5030,N189,I130,,
3141,I10,I5031,N181,I130,,
3142,I10,I5031,N182,I130,,
3143,I10,I5031,N1830,I130,,
3144,I10,I5031,N1831,I130,,
3145,I10,I5031,N1832,I130,,
3146,I10,I5031,N184,I130,,
3147,I10,I5031,N189,I130,,
3148,I10,I5032,N181,I130,,
3149,I10,I5032,N182,I130,,
3150,I10,I5032,N1830,I130,,
3151,I10,I5032,N1831,I130,,
3152,I10,I5032,N1832,I130,,
3153,I10,I5032,N184,I130,,
3154,I10,I5032,N189,I130,,
3155,I10,I5033,N181,I130,,
3156,I10,I5033,N182,I130,,
3157,I10,I5033,N1830,I130,,
3158,I10,I5033,N1831,I130,,
3159,I10,I5033,N1832,I130,,
3160,I10,I5033,N184,I130,,
3161,I10,I5033,N189,I130,,
3162,I10,I5040,N181,I130,,
3163,I10,I5040,N182,I130,,
3164,I10,I5040,N1830,I130,,
3165,I10,I5040,N1831,I130,,
3166,I10,I5040,N1832,I130,,
3167,I10,I5040,N184,I130,,
3168,I10,I5040,N189,I130,,
3169,I10,I5041,N181,I130,,
3170,I10,I5041,N182,I130,,
3171,I10,I5041,N1830,I130,,
3172,I10,I5041,N1831,I130,,
3173,I10,I5041,N1832,I130,,
3174,I10,I5041,N184,I130,,
3175,I10,I5041,N189,I130,,
3176,I10,I5042,N181,I130,,
3177,I10,I5042,N182,I130,,
3178,I10,I5042,N1830,I130,,
3179,I10,I5042,N1831,I130,,
3180,I10,I5042,N1832,I130,,
3181,I10,I5042,N184,I130,,
3182,I10,I5042,N189,I130,,
3183,I10,I5043,N181,I130,,
3184,I10,I5043,N182,I130,,
3185,I10,I5043,N1830,I130,,
3186,I10,I5043,N1831,I130,,
3187,I10,I5043,N1832,I130,,
3188,I10,I5043,N184,I130,,
3189,I10,I5043,N189,I130,,
3190,I10,i50811,N181,I130,,
3191,I10,i50811,N182,I130,,
3192,I10,i50811,N1830,I130,,
3193,I10,i50811,N1831,I130,,
3194,I10,i50811,N1832,I130,,
3195,I10,i50811,N184,I130,,
3196,I10,i50811,N189,I130,,
3197,I10,I50812,N181,I130,,
3198,I10,I50812,N182,I130,,
3199,I10,I50812,N1830,I130,,
3200,I10,I50812,N1831,I130,,
3201,I10,I50812,N1832,I130,,
3202,I10,I50812,N184,I130,,
3203,I10,I50812,N189,I130,,
3204,I10,I50813,N181,I130,,
3205,I10,I50813,N182,I130,,
3206,I10,I50813,N1830,I130,,
3207,I10,I50813,N1831,I130,,
3208,I10,I50813,N1832,I130,,
3209,I10,I50813,N184,I130,,
3210,I10,I50813,N189,I130,,
3211,I10,I50814,N181,I130,,
3212,I10,I50814,N182,I130,,
3213,I10,I50814,N1830,I130,,
3214,I10,I50814,N1831,I130,,
3215,I10,I50814,N1832,I130,,
3216,I10,I50814,N184,I130,,
3217,I10,I50814,N189,I130,,
3218,I10,I5084,N181,I130,,
3219,I10,I5084,N182,I130,,
3220,I10,I5084,N1830,I130,,
3221,I10,I5084,N1831,I130,,
3222,I10,I5084,N1832,I130,,
3223,I10,I5084,N184,I130,,
3224,I10,I5084,N189,I130,,
3225,I10,I509,N181,I130,,
3226,I10,I509,N182,I130,,
3227,I10,I509,N1830,I130,,
3228,I10,I509,N1831,I130,,
3229,I10,I509,N1832,I130,,
3230,I10,I509,N184,I130,,
3231,I10,I509,N189,I130,,
3232,I10,I5020,N185,I132,,
3233,I10,I5020,N186,I132,,
3234,I10,I5021,N185,I132,,
3235,I10,I5021,N186,I132,,
3236,I10,I5022,N185,I132,,
3237,I10,I5022,N186,I132,,
3238,I10,I5023,N185,I132,,
3239,I10,I5023,N186,I132,,
3240,I10,I5030,N185,I132,,
3241,I10,I5030,N186,I132,,
3242,I10,I5031,N185,I132,,
3243,I10,I5031,N186,I132,,
3244,I10,I5032,N185,I132,,
3245,I10,I5032,N186,I132,,
3246,I10,I5033,N185,I132,,
3247,I10,I5033,N186,I132,,
3248,I10,I5040,N185,I132,,
3249,I10,I5040,N186,I132,,
3250,I10,I5041,N185,I132,,
3251,I10,I5041,N186,I132,,
3252,I10,I5042,N185,I132,,
3253,I10,I5042,N186,I132,,
3254,I10,I5043,N185,I132,,
3255,I10,I5043,N186,I132,,
3256,I10,i50811,N185,I132,,
3257,I10,i50811,N186,I132,,
3258,I10,I50812,N185,I132,,
3259,I10,I50812,N186,I132,,
3260,I10,I50813,N185,I132,,
3261,I10,I50813,N186,I132,,
3262,I10,I50814,N185,I132,,
3263,I10,I50814,N186,I132,,
3264,I10,I5084,N185,I132,,
3265,I10,I5084,N186,I132,,
3266,I10,I509,N185,I132,,
3267,I10,I509,N186,I132,,
3268,E119,H3581,,E11311,,
3269,I10,I5040,,I110,,
3270,I10,I519,,I119,,
3271,I10,I509,,I110,,
3272,I10,I5021,,I110,,
3273,I10,I50812,,I110,,
3274,I10,N181,,I129,,
3275,I10,N189,,I129,,
3276,E119,G629,,E1142,,
3277,I10,N185,,i120,,
3278,I10,N182,,I129,,
3279,E119,H3500,,E11319,,
3280,E119,G589,,E1141,,
3281,E119,H269,,E1136,,
3282,E119,G629,,E1140,,
3283,E119,G718,,E1144,,
3284,I10,I5020,,I110,,
3285,I10,I5023,,I110,,
3286,I10,I5031,,I110,,
3287,I10,I5043,,I110,,
3288,I10,I50811,,I110,,
3289,E109,I96,,E1052,,
3290,E119,M129,,E11618,,
3291,E119,m869,,E1169,,
3292,I10,N186,,I120,,
3293,E119,N269,,E1121,,
3294,E119,N289,,E1121,,
3295,E119,E8729,,E1111,,
3296,I10,I5022,,I110,,
3297,E119,M792,,E1142,,
3298,I10,N184,,I129,,
3299,E119,I739,,E1152,,
3300,E119,H3500,,E11311,,
3301,I10,I50810,,I110,,
3302,I10,I5084,,I110,,
3303,I10,I5032,,I110,,
3304,I10,i5033,,I110,,
3305,I10,N183,,I129,,
3306,I10,I5041,,I110,,
3307,I10,I5042,,I110,,
3308,I10,I50814,,I110,,
3309,E119,G709,,E1144,,
